<?xml version="1.0" encoding="UTF-8"?>
<bom xmlns="http://cyclonedx.org/schema/bom/1.5" version="1" serialNumber="urn:uuid:89ae4742-ee7f-351e-b789-72fe442dc682">
  <metadata>
    <tools>
      <tool>
        <vendor>OWASP Foundation</vendor>
        <name>CycloneDX Maven plugin</name>
        <version>2.7.10</version>
        <hashes>
          <hash alg="MD5">1cc7f6a0382f8bb2f758d6a6ea401d1b</hash>
          <hash alg="SHA-1">a4297947a1f2d7d453105db542651614bbd37f38</hash>
          <hash alg="SHA-256">bd0fdd8f2f2116eee5e715aeac1580f19eb7a10ec2b6f805b53567067658e872</hash>
          <hash alg="SHA-512">9cde8352a427e10b96cae01348fc7cfe5d4aa9cd0a5e5dd93b414ce3bb7d112993c3b3004e53af52567fbfa16de0704ec59a5556a635ad70571fd124ae389f39</hash>
          <hash alg="SHA-384">93d7bf5b5c735347edfbfbd66810273ca840f9a322b816d22d44c3d8e8255c09e86570bb23712aeb0cade0f478be5aeb</hash>
          <hash alg="SHA3-384">4467f16e9ca32190a6e49c65339eb28ee5e8c78f4e918fcf95128a4b7648898de56ccb43eacfad0c9391ef8cdb7d629a</hash>
          <hash alg="SHA3-256">ed2996c99b483e969221d5e9a40f562ea2ab85442d361d72a90e85266a3ed781</hash>
          <hash alg="SHA3-512">c8e6ea9ddc38edc77e284b3bf541663e84752bdc59ed1935799847a48a14ea2fa531b61008fefcba37d732a56702a11ac112437b9b80d18f4ecc8ef0ecfb32cf</hash>
        </hashes>
      </tool>
    </tools>
    <component type="library" bom-ref="pkg:maven/org.apache.logging.log4j/log4j-cassandra@2.22.0?type=jar">
      <publisher>The Apache Software Foundation</publisher>
      <group>org.apache.logging.log4j</group>
      <name>log4j-cassandra</name>
      <version>2.22.0</version>
      <description>Cassandra appender for Log4j.</description>
      <licenses>
        <license>
          <id>Apache-2.0</id>
          <url>https://www.apache.org/licenses/LICENSE-2.0</url>
        </license>
      </licenses>
      <purl>pkg:maven/org.apache.logging.log4j/log4j-cassandra@2.22.0?type=jar</purl>
      <externalReferences>
        <reference type="website">
          <url>https://logging.apache.org/log4j/2.x/</url>
        </reference>
        <reference type="build-system">
          <url>https://github.com/apache/logging-log4j2/actions</url>
        </reference>
        <reference type="distribution">
          <url>https://logging.apache.org/log4j/2.x/download.html</url>
        </reference>
        <reference type="issue-tracker">
          <url>https://github.com/apache/logging-log4j2/issues</url>
        </reference>
        <reference type="mailing-list">
          <url>https://lists.apache.org/list.html?log4j-user@logging.apache.org</url>
        </reference>
        <reference type="vcs">
          <url>https://github.com/apache/logging-log4j2</url>
        </reference>
        <reference type="vulnerability-assertion">
          <url>https://logging.apache.org/cyclonedx/vdr.xml</url>
        </reference>
      </externalReferences>
    </component>
    <properties>
      <property name="maven.goal">makeBom</property>
      <property name="maven.scopes">compile,provided,runtime,system</property>
      <property name="cdx:reproducible">enabled</property>
    </properties>
  </metadata>
  <components>
    <component type="library" bom-ref="pkg:maven/org.apache.logging.log4j/log4j-core@2.22.0?type=jar">
      <publisher>The Apache Software Foundation</publisher>
      <group>org.apache.logging.log4j</group>
      <name>log4j-core</name>
      <version>2.22.0</version>
      <description>The Apache Log4j Implementation</description>
      <scope>required</scope>
      <hashes>
        <hash alg="MD5">ef7091a2e9542aa950cb5b01ed4eaff0</hash>
        <hash alg="SHA-1">bf2fd48bc237e99fd4f1c2e82db3b10ffb8c1f47</hash>
        <hash alg="SHA-256">aacb1b935c0070f644060c1fbc9b555f344cbfe8d0ef1234b464eb58bd7b8ad2</hash>
        <hash alg="SHA-512">004d4812c73f5e8572868fdbb217dc0c0991562638822fd08f74f9d45512e6bda612589ed89bcb9208c486ed2c8ba954ebdc59f720dc51928415f1c65edf4d69</hash>
        <hash alg="SHA-384">d4fb491f8c8c1d49348ec7c5d6426f588eb5c11f6c744e29790f1f15aba7063d39493bfe912e7217388f39295f180ef4</hash>
        <hash alg="SHA3-384">29618aacfdebf35458009dbbcdead6f0467202e2148653f91babc43a74b1b36154dca4911576068149aa631b531d229c</hash>
        <hash alg="SHA3-256">df6b4ff481a46c6e12e0f7315e7c14f54969c2aa4f0563bb46166181975cee1f</hash>
        <hash alg="SHA3-512">23b1820b6ad09ae1cb9f9e1e4abd0a0bab2e4a30a33fcaa35828c720878fc529103f5aacfa584bc1fc61e036e36756afe19e7eb9aacc1843ed8e4c4e33c621a9</hash>
      </hashes>
      <licenses>
        <license>
          <id>Apache-2.0</id>
          <url>https://www.apache.org/licenses/LICENSE-2.0</url>
        </license>
      </licenses>
      <purl>pkg:maven/org.apache.logging.log4j/log4j-core@2.22.0?type=jar</purl>
      <externalReferences>
        <reference type="website">
          <url>https://logging.apache.org/log4j/2.x/log4j/log4j-core/</url>
        </reference>
        <reference type="build-system">
          <url>https://github.com/apache/logging-log4j2/actions</url>
        </reference>
        <reference type="distribution">
          <url>https://logging.apache.org/logging-parent/latest/#distribution</url>
        </reference>
        <reference type="issue-tracker">
          <url>https://github.com/apache/logging-log4j2/issues</url>
        </reference>
        <reference type="mailing-list">
          <url>https://lists.apache.org/list.html?log4j-user@logging.apache.org</url>
        </reference>
        <reference type="vcs">
          <url>https://github.com/apache/logging-log4j2</url>
        </reference>
        <reference type="vulnerability-assertion">
          <url>https://logging.apache.org/cyclonedx/vdr.xml</url>
        </reference>
      </externalReferences>
    </component>
    <component type="library" bom-ref="pkg:maven/org.apache.logging.log4j/log4j-api@2.22.0?type=jar">
      <publisher>The Apache Software Foundation</publisher>
      <group>org.apache.logging.log4j</group>
      <name>log4j-api</name>
      <version>2.22.0</version>
      <description>The Apache Log4j API</description>
      <scope>required</scope>
      <hashes>
        <hash alg="MD5">5d753db833495ddaedd74f3d45091bab</hash>
        <hash alg="SHA-1">2c7d82708efd430e722562be1993defd9fb2426b</hash>
        <hash alg="SHA-256">1342c86c2a0848fc2f3d16b8544849f29fa31bf7af79f6066c2677ba29e47cf3</hash>
        <hash alg="SHA-512">9c71daa0e64da97eae60372eb70fe90378199528105cad1b35f517b8ddcf2cd935eb0567b1d208b78805daa01cc084cce2adba25c24e2513795d2f5da0e706bc</hash>
        <hash alg="SHA-384">310399442f174f7873290d1945bc8458c0d1e6695de655e49e410c9c4e73e7b07d5d31e9a6b6fdf84ff43dc0e5793666</hash>
        <hash alg="SHA3-384">a40cee814b109e7a94e3843662caa054d922e52e56c388585fc8c02f562aa07e2d20135c202e139c23980cd51a37699a</hash>
        <hash alg="SHA3-256">34af2387279760e5bce30cc58aaf64b3ec9ef600cec1bcda8c205734f20d7e48</hash>
        <hash alg="SHA3-512">0ed4bede6f64c9b708d8d77aebe542dd25a6a48c230b278489d9380f462fe08e6bc9133d5f1386b910012f65608e2297840b9ea710fc2611ccac96d517f69967</hash>
      </hashes>
      <licenses>
        <license>
          <id>Apache-2.0</id>
          <url>https://www.apache.org/licenses/LICENSE-2.0</url>
        </license>
      </licenses>
      <purl>pkg:maven/org.apache.logging.log4j/log4j-api@2.22.0?type=jar</purl>
      <externalReferences>
        <reference type="website">
          <url>https://logging.apache.org/log4j/2.x/log4j/log4j-api/</url>
        </reference>
        <reference type="build-system">
          <url>https://github.com/apache/logging-log4j2/actions</url>
        </reference>
        <reference type="distribution">
          <url>https://logging.apache.org/logging-parent/latest/#distribution</url>
        </reference>
        <reference type="issue-tracker">
          <url>https://github.com/apache/logging-log4j2/issues</url>
        </reference>
        <reference type="mailing-list">
          <url>https://lists.apache.org/list.html?log4j-user@logging.apache.org</url>
        </reference>
        <reference type="vcs">
          <url>https://github.com/apache/logging-log4j2</url>
        </reference>
        <reference type="vulnerability-assertion">
          <url>https://logging.apache.org/cyclonedx/vdr.xml</url>
        </reference>
      </externalReferences>
    </component>
    <component type="library" bom-ref="pkg:maven/com.datastax.cassandra/cassandra-driver-core@3.11.5?type=jar">
      <group>com.datastax.cassandra</group>
      <name>cassandra-driver-core</name>
      <version>3.11.5</version>
      <description>A driver for Apache Cassandra 1.2+ that works exclusively with the Cassandra Query Language version 3
        (CQL3) and Cassandra's binary protocol.</description>
      <scope>required</scope>
      <hashes>
        <hash alg="MD5">5911538987df74bb84f07739a422ac05</hash>
        <hash alg="SHA-1">c676f6dcab4638fc067845ac530f78b98c3d7b1d</hash>
        <hash alg="SHA-256">6d22c0dfe19f039604f4e0483f32cc413f468addfbbfa143a7748f290adf7d1e</hash>
        <hash alg="SHA-512">73e1b03f899f8aebee1846f257e1a006b98bfeffcd7997cf420d25f4e25e6738097ad2f3a2ac740509a9c0c7bc4ffa0e082fac41937530c558a6e223f78ca339</hash>
        <hash alg="SHA-384">310b5347c0180c9ae4158095d448d00c46a610496e0e9dd3fdf3999cf0b197ca748671ef3e481c3d1bcb11b2e93d50fc</hash>
        <hash alg="SHA3-384">53aa3a96641e5307ea03393578d75982b89bfc3d3976f381c5b37acc2f72073377aff25ee035e313d25de204ec2507e4</hash>
        <hash alg="SHA3-256">d536c3a199f55a64fd7f5f38525532725f38ff983d9a4a4fd466b08994474a98</hash>
        <hash alg="SHA3-512">6e55fabb0d8b942f7da3125addc3ebcc69723daa3bcc265dd0f9aaf9fa149ba7aa90e5225c7f54d4b972e50e6258b058cfc79160a669932aa00b774eb5642c22</hash>
      </hashes>
      <licenses>
        <license>
          <id>Apache-2.0</id>
        </license>
      </licenses>
      <purl>pkg:maven/com.datastax.cassandra/cassandra-driver-core@3.11.5?type=jar</purl>
      <externalReferences>
        <reference type="website">
          <url>https://github.com/datastax/java-driver/cassandra-driver-core</url>
        </reference>
        <reference type="distribution">
          <url>https://oss.sonatype.org/service/local/staging/deploy/maven2/</url>
        </reference>
        <reference type="vcs">
          <url>https://github.com/datastax/java-driver/cassandra-driver-core</url>
        </reference>
      </externalReferences>
    </component>
    <component type="library" bom-ref="pkg:maven/io.netty/netty-handler@4.1.101.Final?type=jar">
      <publisher>The Netty Project</publisher>
      <group>io.netty</group>
      <name>netty-handler</name>
      <version>4.1.101.Final</version>
      <description>Netty is an asynchronous event-driven network application framework for
    rapid development of maintainable high performance protocol servers and
    clients.</description>
      <scope>required</scope>
      <hashes>
        <hash alg="MD5">972a6d5f59e9d6c262d967da0eea8751</hash>
        <hash alg="SHA-1">7800aea949bf95f63df73166d144e49405b279dd</hash>
        <hash alg="SHA-256">afc62522b09160f4aedba1d5f498629067750abc0864242877f9debf6ef117ca</hash>
        <hash alg="SHA-512">f3c0876b90c14fff72fbade826e57692303bff73c4edaca8d292dad556344f9d27dd56a41162d67c3ccdc0b56a5c246b123329aa1875acc9af2ee83b2f1ee8ae</hash>
        <hash alg="SHA-384">75c6a8459d391cd578dc4c789769131ba6a0b8b75e104828003c87cc066fdf1e2f3ce4dddd9de8bc5661dfa1af584fc4</hash>
        <hash alg="SHA3-384">abdd76db03ca84df0149d46ab2da355b695083e58a650e03a5fd0fe648c2a922fe7c75b0f2810b0379b176e8c7c91049</hash>
        <hash alg="SHA3-256">f17795365ccfc89b3bae2e67b1821cf49870bd1b1646627d50eb3fcd43efd639</hash>
        <hash alg="SHA3-512">8777032fe0615283662ff1ec238233ce8f784fd63661ce60a0d016407bc0eff247db93db3ba1b0583d65ac0b437d350bc7f51c3313439c5576a7d8b68c7eaaf8</hash>
      </hashes>
      <licenses>
        <license>
          <id>Apache-2.0</id>
        </license>
      </licenses>
      <purl>pkg:maven/io.netty/netty-handler@4.1.101.Final?type=jar</purl>
      <externalReferences>
        <reference type="website">
          <url>https://netty.io/netty-handler/</url>
        </reference>
        <reference type="distribution">
          <url>https://oss.sonatype.org/service/local/staging/deploy/maven2/</url>
        </reference>
        <reference type="vcs">
          <url>https://github.com/netty/netty/netty-handler</url>
        </reference>
      </externalReferences>
    </component>
    <component type="library" bom-ref="pkg:maven/io.netty/netty-common@4.1.101.Final?type=jar">
      <publisher>The Netty Project</publisher>
      <group>io.netty</group>
      <name>netty-common</name>
      <version>4.1.101.Final</version>
      <description>Netty is an asynchronous event-driven network application framework for
    rapid development of maintainable high performance protocol servers and
    clients.</description>
      <scope>required</scope>
      <hashes>
        <hash alg="MD5">734fc8bfa2cc09a9bfae3a98c1bcfd22</hash>
        <hash alg="SHA-1">bdb16e4d308b5757123decc886896815d1daf7a3</hash>
        <hash alg="SHA-256">aa8d1d5187d17cfbe1b668a3f3f9f6740c6fa5c96ae3bbabced4ca16b1ca14eb</hash>
        <hash alg="SHA-512">8d5cc538a2159586d53ad3d422a6598b779a45922f12f08fc6d3f9d7160d64995fc1f7cba15e36653b1c921169f9118e7804f4038ff6476f17f057a5a3509f49</hash>
        <hash alg="SHA-384">9c76a01e0739c292982527b1b0ccc434943c19ac7793faac066f3c9d57abad096d7a259f74111efdcec317157a2aa8ad</hash>
        <hash alg="SHA3-384">119c700f5314f45a3880b304227c793e68427994c65e4839a67af32e7f38155660fd25f038bb4ba1a38400a1a4f28059</hash>
        <hash alg="SHA3-256">39863fe24770281c1f8f36626aff4ac476a401bdb3efe15b813ccfdd085e36c6</hash>
        <hash alg="SHA3-512">9d4c7911b038a97d82bb666b43298a54d12ed479a9d3e75447775c8a1e89aa0c6bb471e272482dd36655b9bbe01ad9867cfcaacf412198d296951aabf5223a76</hash>
      </hashes>
      <licenses>
        <license>
          <id>Apache-2.0</id>
        </license>
      </licenses>
      <purl>pkg:maven/io.netty/netty-common@4.1.101.Final?type=jar</purl>
      <externalReferences>
        <reference type="website">
          <url>https://netty.io/netty-common/</url>
        </reference>
        <reference type="distribution">
          <url>https://oss.sonatype.org/service/local/staging/deploy/maven2/</url>
        </reference>
        <reference type="vcs">
          <url>https://github.com/netty/netty/netty-common</url>
        </reference>
      </externalReferences>
    </component>
    <component type="library" bom-ref="pkg:maven/io.netty/netty-resolver@4.1.101.Final?type=jar">
      <publisher>The Netty Project</publisher>
      <group>io.netty</group>
      <name>netty-resolver</name>
      <version>4.1.101.Final</version>
      <description>Netty is an asynchronous event-driven network application framework for
    rapid development of maintainable high performance protocol servers and
    clients.</description>
      <scope>required</scope>
      <hashes>
        <hash alg="MD5">807056112f429735597dbb98c3c8c2f7</hash>
        <hash alg="SHA-1">5e7eddfa4dfffcbd375d265d1fd08297df94f82f</hash>
        <hash alg="SHA-256">75af5bfa8d582962d66dabbc2e71abfa0cb1d3e7a3b06e252bbe560d4f2ec063</hash>
        <hash alg="SHA-512">9fe1d5c748d5a36e8235e0b584507663d1e029b2045f3713a03a4f109b9662c6c0cb06c020b36332b070e9802bd3809af33d2054e0133bc240e100dabcf0c268</hash>
        <hash alg="SHA-384">3648a2d8039904481d9757b4e1d53a8d30c947796c650c8b6734b74bbbee89484df329449292e5da2078bd6bc1fdeb6e</hash>
        <hash alg="SHA3-384">5185f4035e7ed792ba93257dd18dc2b9b7c018d80c734caaedfec09d4819647c4a5a7814297abf032b6a617a404fecdc</hash>
        <hash alg="SHA3-256">259019b4b1fa33c62f231e963ade309364cfba9129cd7740332385ac5a018a82</hash>
        <hash alg="SHA3-512">6587c0d4e038bba5b526a5831ed95f1b76f2fd767f43b679cb70dbcb49d05019980a18dbe042fe0261fea5ecc2173f3e000fe62e0bceb0b25b9bb0dbb2d3f01e</hash>
      </hashes>
      <licenses>
        <license>
          <id>Apache-2.0</id>
        </license>
      </licenses>
      <purl>pkg:maven/io.netty/netty-resolver@4.1.101.Final?type=jar</purl>
      <externalReferences>
        <reference type="website">
          <url>https://netty.io/netty-resolver/</url>
        </reference>
        <reference type="distribution">
          <url>https://oss.sonatype.org/service/local/staging/deploy/maven2/</url>
        </reference>
        <reference type="vcs">
          <url>https://github.com/netty/netty/netty-resolver</url>
        </reference>
      </externalReferences>
    </component>
    <component type="library" bom-ref="pkg:maven/io.netty/netty-buffer@4.1.101.Final?type=jar">
      <publisher>The Netty Project</publisher>
      <group>io.netty</group>
      <name>netty-buffer</name>
      <version>4.1.101.Final</version>
      <description>Netty is an asynchronous event-driven network application framework for
    rapid development of maintainable high performance protocol servers and
    clients.</description>
      <scope>required</scope>
      <hashes>
        <hash alg="MD5">c1c9f79d6c9f3074a849787167ce7f3f</hash>
        <hash alg="SHA-1">a4d94fd6cdf7a37b15237e32434afd6b955cc591</hash>
        <hash alg="SHA-256">d8fb397501ed59b046f69123c6d12a656066c534c564f7ba8fc3389497521c93</hash>
        <hash alg="SHA-512">8cdbe4e3e7dce12918487c96287a39a1a7daf61a0576113f41f2359ea1a2fea6386244b8b56dd11b18f3b4e763fcb39ea078dd8c9942a6c420c32ea1c2be7dfd</hash>
        <hash alg="SHA-384">472f3b14f5fbc6b668ae144e5561ffd8bd57f68acb84fb8a299475d7f9f4efee4b119be2ff76733707583c87cb1ea6e9</hash>
        <hash alg="SHA3-384">157cba1e9a9268fa4a632e1aa0f09b098a2eeeaf2e89448a26ab27e3d125ebc20f82440dcb9999e84642b3a710102fbc</hash>
        <hash alg="SHA3-256">cc48332200a2a1e7af61a8674182191d08c61b50e66f9cfef7aa4b65b78f3a82</hash>
        <hash alg="SHA3-512">250ec8093243f5fc716c168d3331f396db842254aafe1f768d8f100fa5ed0ea7dc25f7fff059bb8add2e13bf0f7fef5f891e9b76d5d2aa2f236a381f0a527d7f</hash>
      </hashes>
      <licenses>
        <license>
          <id>Apache-2.0</id>
        </license>
      </licenses>
      <purl>pkg:maven/io.netty/netty-buffer@4.1.101.Final?type=jar</purl>
      <externalReferences>
        <reference type="website">
          <url>https://netty.io/netty-buffer/</url>
        </reference>
        <reference type="distribution">
          <url>https://oss.sonatype.org/service/local/staging/deploy/maven2/</url>
        </reference>
        <reference type="vcs">
          <url>https://github.com/netty/netty/netty-buffer</url>
        </reference>
      </externalReferences>
    </component>
    <component type="library" bom-ref="pkg:maven/io.netty/netty-transport@4.1.101.Final?type=jar">
      <publisher>The Netty Project</publisher>
      <group>io.netty</group>
      <name>netty-transport</name>
      <version>4.1.101.Final</version>
      <description>Netty is an asynchronous event-driven network application framework for
    rapid development of maintainable high performance protocol servers and
    clients.</description>
      <scope>required</scope>
      <hashes>
        <hash alg="MD5">159fde19ae1b7aead1c23ee707a8d392</hash>
        <hash alg="SHA-1">0b36cc2337b4a4135df7ee2f2d77431c3b541dc5</hash>
        <hash alg="SHA-256">5bf8f47b3d4612dbb1e94bcabcad92d7b37b8be64bfe744cddc790a1f7278c74</hash>
        <hash alg="SHA-512">3efa291503ab694ff8ed30c3c70ecb9901122aef3c0447398a688d20556a213b93cea66c8246c023e1eec67c50bc1f0101f860628a06c8c295d53482c09d89c7</hash>
        <hash alg="SHA-384">a4e56c332d40f2ea2f3be926e61ab9ac601493c08397bbfac94e7b7f80e3bade8019e792d69a3618f16354efa24681dd</hash>
        <hash alg="SHA3-384">31ebb24015e92501364d4b847d105ed1a9758e3befed03ee00c7ca209ded47f18ba9732d050200b62d37b0d090c59c54</hash>
        <hash alg="SHA3-256">c723b8cfc3876d770298c6fda7ec4e6f52c0b82ac3216a5da27f0b2b4a893558</hash>
        <hash alg="SHA3-512">73e9803dbf121e620f831173664649b0c59e72db1d51ee285f8c325fdd5d48cd1a423cf47c5c70b435d5434c2b76ef04e3384c5f88ca7a28aa9c0637299aca7d</hash>
      </hashes>
      <licenses>
        <license>
          <id>Apache-2.0</id>
        </license>
      </licenses>
      <purl>pkg:maven/io.netty/netty-transport@4.1.101.Final?type=jar</purl>
      <externalReferences>
        <reference type="website">
          <url>https://netty.io/netty-transport/</url>
        </reference>
        <reference type="distribution">
          <url>https://oss.sonatype.org/service/local/staging/deploy/maven2/</url>
        </reference>
        <reference type="vcs">
          <url>https://github.com/netty/netty/netty-transport</url>
        </reference>
      </externalReferences>
    </component>
    <component type="library" bom-ref="pkg:maven/io.netty/netty-transport-native-unix-common@4.1.101.Final?type=jar">
      <publisher>The Netty Project</publisher>
      <group>io.netty</group>
      <name>netty-transport-native-unix-common</name>
      <version>4.1.101.Final</version>
      <description>Static library which contains common unix utilities.</description>
      <scope>required</scope>
      <hashes>
        <hash alg="MD5">a834be81b0873eba34141717d9ed77b5</hash>
        <hash alg="SHA-1">d0697ef1d71c6111a1b18a387fa985fd6398ace2</hash>
        <hash alg="SHA-256">d2165ec2544411d451a57e0dc269692deec2a56bd7f57a38705dbf276b3a6752</hash>
        <hash alg="SHA-512">e7bf7a4d78ae5a08622dcf4806b8835b233fdf948ce5f2b7657650b1af007925a61ee6dd623a6c5de3800651100a7d7c12fb76c591eef4125ccfc4ae021b328a</hash>
        <hash alg="SHA-384">62b500d31dcf56f5ebab52155df59d0be69c3286293aed5a9c8b239bff2c0d96fdc2e7bff9dba8071844767983843b43</hash>
        <hash alg="SHA3-384">f4accb0bdcd6e9c1479aa5e6e82cb82fe71dfb09a8223446dfed1694ad6666381b0859dbafce6600dace6ef284efbd11</hash>
        <hash alg="SHA3-256">f4b7d212644977a9168e99b4a2b403422f6208b135f7c190b321c59e9c41b2ab</hash>
        <hash alg="SHA3-512">b47613738c6bb7b7944c92283be917aaf5b022cbcce51d3788dccb490fa73228c4985131817683adcdbacc387dce3986c26a3a81be8688b66eea323c0f473058</hash>
      </hashes>
      <licenses>
        <license>
          <id>Apache-2.0</id>
        </license>
      </licenses>
      <purl>pkg:maven/io.netty/netty-transport-native-unix-common@4.1.101.Final?type=jar</purl>
      <externalReferences>
        <reference type="website">
          <url>https://netty.io/netty-transport-native-unix-common/</url>
        </reference>
        <reference type="distribution">
          <url>https://oss.sonatype.org/service/local/staging/deploy/maven2/</url>
        </reference>
        <reference type="vcs">
          <url>https://github.com/netty/netty/netty-transport-native-unix-common</url>
        </reference>
      </externalReferences>
    </component>
    <component type="library" bom-ref="pkg:maven/io.netty/netty-codec@4.1.101.Final?type=jar">
      <publisher>The Netty Project</publisher>
      <group>io.netty</group>
      <name>netty-codec</name>
      <version>4.1.101.Final</version>
      <description>Netty is an asynchronous event-driven network application framework for
    rapid development of maintainable high performance protocol servers and
    clients.</description>
      <scope>required</scope>
      <hashes>
        <hash alg="MD5">766e7827f6d0b2ffc8c5275f1c619b78</hash>
        <hash alg="SHA-1">642523c57c4be15b8b461be7b1532262d193bbb3</hash>
        <hash alg="SHA-256">982ebe55d12e5ba1a9f37a0d16d30a0baed22b9f67268fbeead3c23093864c81</hash>
        <hash alg="SHA-512">63ef4ca3fe1ffafb1d3b136f709c1122659d7a08c789af086e514e4f94f4b48177c3b1473570af13bb358dd2e956f8b911e6837695221a98b7b70226dde746c5</hash>
        <hash alg="SHA-384">38ba4fa62f2f7a3773633ef4d6ed5efddf5c81b6969d40cee62b2cec9f691a9d41b4b946544ab09a97cfa1ce46a47d04</hash>
        <hash alg="SHA3-384">0d40f6763e8e8898efc8b2ec8d38097bc662b2f8d288d00c01f35545f1a6571e92fe866edeecda0123e46ff2b48f9d0e</hash>
        <hash alg="SHA3-256">6e042b47fc567db1c240d01e15c108a34ac84e7547e58ab9a2a6ee49d995ffe3</hash>
        <hash alg="SHA3-512">bbd4dc09b39317a671206fc1679c185a58501e8a9cf321464a9262ddddbdb215677726ff0dbe9f95be292f1bb945450bb83fab367ef252bc4ad4a11b969e25b6</hash>
      </hashes>
      <licenses>
        <license>
          <id>Apache-2.0</id>
        </license>
      </licenses>
      <purl>pkg:maven/io.netty/netty-codec@4.1.101.Final?type=jar</purl>
      <externalReferences>
        <reference type="website">
          <url>https://netty.io/netty-codec/</url>
        </reference>
        <reference type="distribution">
          <url>https://oss.sonatype.org/service/local/staging/deploy/maven2/</url>
        </reference>
        <reference type="vcs">
          <url>https://github.com/netty/netty/netty-codec</url>
        </reference>
      </externalReferences>
    </component>
    <component type="library" bom-ref="pkg:maven/com.google.guava/guava@25.1-jre?type=jar">
      <group>com.google.guava</group>
      <name>guava</name>
      <version>25.1-jre</version>
      <description>Guava is a suite of core and expanded libraries that include
    utility classes, google's collections, io classes, and much
    much more.</description>
      <scope>required</scope>
      <hashes>
        <hash alg="MD5">da3838847d109ac435f0d3ed4ae1c794</hash>
        <hash alg="SHA-1">6c57e4b22b44e89e548b5c9f70f0c45fe10fb0b4</hash>
        <hash alg="SHA-256">6db0c3a244c397429c2e362ea2837c3622d5b68bb95105d37c21c36e5bc70abf</hash>
        <hash alg="SHA-512">429ceeec0350ba98e2b089b8b70ded2ec570c3a684894a7545d10592c1c7be42dacd1fad8b2cb9123aa3612575ce1b56e1bb54923443fc293f8e9adeac2762ee</hash>
        <hash alg="SHA-384">57b005fe59cd91aa0166a7bd1bb4478607501bc96cb336d417638df871b212e0c9ddd129c31c82b9ca6079ba0f12988a</hash>
        <hash alg="SHA3-384">a4c632c455312cea7f86ae342978c88bf3a5374e7426b274dae7ae01de61bbe4cf84a8bbcadfcc89e9d928851509651b</hash>
        <hash alg="SHA3-256">d9629737300b1ff7267f48870aa625bad526b33c6963e647168b5f11836d3f6b</hash>
        <hash alg="SHA3-512">cee5737a7db40e9cf65fe02c0d45d8b565b1db107ea33cbab80d663e5a8ef3bbb3a963f05a2e22a3670ec14b92d70a957085850cc3fe19f751e8d83c66fe6e79</hash>
      </hashes>
      <licenses>
        <license>
          <id>Apache-2.0</id>
        </license>
      </licenses>
      <purl>pkg:maven/com.google.guava/guava@25.1-jre?type=jar</purl>
      <externalReferences>
        <reference type="website">
          <url>https://github.com/google/guava/guava</url>
        </reference>
        <reference type="build-system">
          <url>https://travis-ci.org/google/guava</url>
        </reference>
        <reference type="distribution">
          <url>https://oss.sonatype.org/service/local/staging/deploy/maven2/</url>
        </reference>
        <reference type="issue-tracker">
          <url>https://github.com/google/guava/issues</url>
        </reference>
        <reference type="vcs">
          <url>https://github.com/google/guava/guava</url>
        </reference>
      </externalReferences>
    </component>
    <component type="library" bom-ref="pkg:maven/org.checkerframework/checker-qual@2.0.0?type=jar">
      <group>org.checkerframework</group>
      <name>checker-qual</name>
      <version>2.0.0</version>
      <description>Checker Qual is the set of annotations (qualifiers) and supporting classes
        used by the Checker Framework to type check Java source code.  Please
        see artifact:
        org.checkerframework:checker</description>
      <scope>required</scope>
      <hashes>
        <hash alg="MD5">94fe1af76c10006fbc5b988180b71bf0</hash>
        <hash alg="SHA-1">518929596ee3249127502a8573b2e008e2d51ed3</hash>
        <hash alg="SHA-256">fc8441632f5fa5537492c9f026d1c8b1adb6a7796f46031b04b4cc0622427995</hash>
        <hash alg="SHA-512">3c38b0b9e0bde464268cff5fdb1894a048240b039093ee3abe5b32976a22737d26b355f8793f630a7f0b319fdb019a6fcd9ee1d5219676f0f10c0b0f496b61b7</hash>
        <hash alg="SHA-384">dd7ff4f34f935fae9982a1520efe1ac79e7bcd92bbad13f45c99a1147ef8264e5bf78d482f891117c0fabfe3b79cd9b1</hash>
        <hash alg="SHA3-384">27964e8cdf7ec6f91b5da9739f41d1d4ef9e149ed4c91a3b069f58343afb35ab571a18cbf26265ab2a1c40394dc35a68</hash>
        <hash alg="SHA3-256">bca36bb7f221a8ab2eadda6f76e7c23eeb69ac6eb80d1edf9c4ccda5cd1454f4</hash>
        <hash alg="SHA3-512">a81c82f95167830f72f42c87020bb38bf799e76add04c6d539ec8c8412771c753c68ecbe7c151ea22bb8dcb8a15853e77eb96956578be4576f8a3eab3a415582</hash>
      </hashes>
      <licenses>
        <license>
          <name>GNU General Public License, version 2 (GPL2), with the classpath exception</name>
          <url>http://www.gnu.org/software/classpath/license.html</url>
        </license>
        <license>
          <id>MIT</id>
        </license>
      </licenses>
      <purl>pkg:maven/org.checkerframework/checker-qual@2.0.0?type=jar</purl>
      <externalReferences>
        <reference type="website">
          <url>http://checkerframework.org</url>
        </reference>
        <reference type="vcs">
          <url>https://github.com/typetools/checker-framework.git</url>
        </reference>
      </externalReferences>
    </component>
    <component type="library" bom-ref="pkg:maven/com.google.j2objc/j2objc-annotations@1.1?type=jar">
      <group>com.google.j2objc</group>
      <name>j2objc-annotations</name>
      <version>1.1</version>
      <description>A set of annotations that provide additional information to the J2ObjC
    translator to modify the result of translation.</description>
      <scope>required</scope>
      <hashes>
        <hash alg="MD5">49ae3204bb0bb9b2ac77062641f4a6d7</hash>
        <hash alg="SHA-1">ed28ded51a8b1c6b112568def5f4b455e6809019</hash>
        <hash alg="SHA-256">2994a7eb78f2710bd3d3bfb639b2c94e219cedac0d4d084d516e78c16dddecf6</hash>
        <hash alg="SHA-512">a4a0b58ffc2d9f9b516f571bcd0ac14e4d3eec15aacd6320a4a1a12045acce8c6081e8ce922c4e882221cedb2cc266399ab468487ae9a08124d65edc07ae30f0</hash>
        <hash alg="SHA-384">8942363710e7473635a2c77ff82db8af1915cb6ac8429851b4acfa04f059183f8e3444dedff75a7da02698f2ee22a181</hash>
        <hash alg="SHA3-384">a9906146d76704f64b1a1aad3d80be86e0d08a987fdb63d4d8d0399937e7e94076d9878a14593fb4465f3a5fccec0df5</hash>
        <hash alg="SHA3-256">275370eeb5f02c15358168ea134c4eab1afed8d27750a8a326b9f9f506dfc9f2</hash>
        <hash alg="SHA3-512">d9e2a3943373e1eab933b45f49997b24e01466eb99a177c40f21c7107c9f21ebb135e14d191b0a5b699e3985d20de8e87662e92c0bf59e5e054d3da85fd777dd</hash>
      </hashes>
      <licenses>
        <license>
          <id>Apache-2.0</id>
        </license>
      </licenses>
      <purl>pkg:maven/com.google.j2objc/j2objc-annotations@1.1?type=jar</purl>
      <externalReferences>
        <reference type="website">
          <url>https://github.com/google/j2objc/</url>
        </reference>
        <reference type="distribution">
          <url>https://oss.sonatype.org/service/local/staging/deploy/maven2/</url>
        </reference>
        <reference type="vcs">
          <url>http://svn.sonatype.org/spice/tags/oss-parent-7/j2objc-annotations</url>
        </reference>
      </externalReferences>
    </component>
    <component type="library" bom-ref="pkg:maven/org.codehaus.mojo/animal-sniffer-annotations@1.14?type=jar">
      <publisher>Codehaus</publisher>
      <group>org.codehaus.mojo</group>
      <name>animal-sniffer-annotations</name>
      <version>1.14</version>
      <description>Animal Sniffer Parent project.</description>
      <scope>required</scope>
      <hashes>
        <hash alg="MD5">9d42e46845c874f1710a9f6a741f6c14</hash>
        <hash alg="SHA-1">775b7e22fb10026eed3f86e8dc556dfafe35f2d5</hash>
        <hash alg="SHA-256">2068320bd6bad744c3673ab048f67e30bef8f518996fa380033556600669905d</hash>
        <hash alg="SHA-512">9e5e3ea9e06e0ac9463869fd0e08ed38f7042784995a7b50c9bfd7f692a53f0e1430b9e1367dc772d0d4eafe5fd2beabbcc60da5008bd792f9e7ec8436c0f136</hash>
        <hash alg="SHA-384">f84c3a6589e4fd49764595bad99ef2ebb443f1c9a5f11177a2073b54156989979b5e97fac591714f18304fbcf26bb1c6</hash>
        <hash alg="SHA3-384">1821c7ba68f3b43cb25b3038fa732631d1db6063ecc5c7f84b31fdadfa8ca43434dc960e602af02a2891237cd90b8c29</hash>
        <hash alg="SHA3-256">9b624360f936e928bc63bf44e475d8fd052148c0d0cc56c3c88c26429b430c08</hash>
        <hash alg="SHA3-512">5f0a62a96445cfeaf101d2ddc56472621f5c3dafc54ad4b230a373012833b7da83e96af7c07b60a586768361b3bce3f3626ed2cc09fbbd84e840e0714d6344ee</hash>
      </hashes>
      <licenses>
        <license>
          <id>MIT</id>
          <url>https://opensource.org/licenses/MIT</url>
        </license>
      </licenses>
      <purl>pkg:maven/org.codehaus.mojo/animal-sniffer-annotations@1.14?type=jar</purl>
      <externalReferences>
        <reference type="website">
          <url>http://mojo.codehaus.org/animal-sniffer/animal-sniffer-annotations</url>
        </reference>
        <reference type="build-system">
          <url>http://bamboo.ci.codehaus.org/browse/MOJO</url>
        </reference>
        <reference type="distribution">
          <url>https://nexus.codehaus.org/service/local/staging/deploy/maven2/</url>
        </reference>
        <reference type="issue-tracker">
          <url>http://jira.codehaus.org/browse/MANIMALSNIFFER</url>
        </reference>
        <reference type="mailing-list">
          <url>http://markmail.org/list/org.codehaus.mojo.dev</url>
        </reference>
        <reference type="vcs">
          <url>http://fisheye.codehaus.org/browse/mojo/tags/animal-sniffer-parent-1.14/animal-sniffer-annotations</url>
        </reference>
      </externalReferences>
    </component>
    <component type="library" bom-ref="pkg:maven/io.dropwizard.metrics/metrics-core@3.2.2?type=jar">
      <group>io.dropwizard.metrics</group>
      <name>metrics-core</name>
      <version>3.2.2</version>
      <description>Metrics is a Java library which gives you unparalleled insight into what your code does in
        production. Metrics provides a powerful toolkit of ways to measure the behavior of critical
        components in your production environment.</description>
      <scope>required</scope>
      <hashes>
        <hash alg="MD5">da529999d5083e800829eaab432a8a54</hash>
        <hash alg="SHA-1">cd9886f498ee2ab2d994f0c779e5553b2c450416</hash>
        <hash alg="SHA-256">5c6f685e41664d10c70c65837cba9e58d39ff3896811e3b5707a934b11c85ad0</hash>
        <hash alg="SHA-512">aa8519d766133a3c57c331d98810f490d5b9f52dd36d8fc62140eb26cfed8b45d3cadc343f0f6616acb6979ee0430d4bc0e9b95a3440bb10de2470962e5e74b6</hash>
        <hash alg="SHA-384">d5d6865c76dc5f28f339e1a8537bbeab7203d993547619023d4d1364655df5e3a7eaab8a8adad1b0f5c51c9e5b98f4b3</hash>
        <hash alg="SHA3-384">af37f2b676cbe4f1372b86a75e8d8e42a277bcb300470d3dd7f1c4c7ddef6b5dcfa7184ba9d5fa9abc91a5c9586e721c</hash>
        <hash alg="SHA3-256">8f2d0a294ecae9e3375ad448b4ea05a17c872a717bae706ed1b21ffb16712c7c</hash>
        <hash alg="SHA3-512">048797db34927291d7293280e33cd802d0d965702813e86c22efe02da00284919a209f61ddcfaec165a04de2a703d3becb3a5550dd2c70a178974a7dd6f09566</hash>
      </hashes>
      <licenses>
        <license>
          <id>Apache-2.0</id>
          <url>https://www.apache.org/licenses/LICENSE-2.0</url>
        </license>
      </licenses>
      <purl>pkg:maven/io.dropwizard.metrics/metrics-core@3.2.2?type=jar</purl>
      <externalReferences>
        <reference type="website">
          <url>http://metrics.codahale.com/metrics-core/</url>
        </reference>
        <reference type="distribution">
          <url>http://oss.sonatype.org/service/local/staging/deploy/maven2/</url>
        </reference>
        <reference type="issue-tracker">
          <url>http://github.com/dropwizard/metrics/issues#issue/</url>
        </reference>
        <reference type="vcs">
          <url>http://github.com/dropwizard/metrics/metrics-core/</url>
        </reference>
      </externalReferences>
    </component>
    <component type="library" bom-ref="pkg:maven/org.slf4j/slf4j-api@2.0.9?type=jar">
      <publisher>QOS.ch</publisher>
      <group>org.slf4j</group>
      <name>slf4j-api</name>
      <version>2.0.9</version>
      <description>The slf4j API</description>
      <scope>required</scope>
      <hashes>
        <hash alg="MD5">45630e54b0f0ac2b3c80462515ad8fda</hash>
        <hash alg="SHA-1">7cf2726fdcfbc8610f9a71fb3ed639871f315340</hash>
        <hash alg="SHA-256">0818930dc8d7debb403204611691da58e49d42c50b6ffcfdce02dadb7c3c2b6c</hash>
        <hash alg="SHA-512">069e6ddce79617e37d61758120c7e68348ee62f255781948937f7bec3058e46244026d7f6a11e90fbc15cd4288c4bb1acee4f242af521c721a9e68a05e64d526</hash>
        <hash alg="SHA-384">fd6f7ad85d02ac63cd1a586c8bb158c1fc000495f512f097731ea9f749b5da2637615b821294962805ba312c738f40aa</hash>
        <hash alg="SHA3-384">17cd61f59a162250b52a89c7c56eb60da253b776210500313c7b82744483ff84717946f969251fb4d76f9bb12a2458fe</hash>
        <hash alg="SHA3-256">9dcb04582c64c79e788f9191195834ec75bb3457133d22a176a0ccb069b97103</hash>
        <hash alg="SHA3-512">990faffa454598a3fa82affe30f1323db769d2e1fff20d9c7163ef6fd95ac7a0874c06a634207a2eaed9e5afbdee68b225138fc75018717ba97efe3ffe92c88a</hash>
      </hashes>
      <licenses>
        <license>
          <id>MIT</id>
          <url>https://opensource.org/licenses/MIT</url>
        </license>
      </licenses>
      <purl>pkg:maven/org.slf4j/slf4j-api@2.0.9?type=jar</purl>
      <externalReferences>
        <reference type="website">
          <url>http://www.slf4j.org</url>
        </reference>
        <reference type="distribution">
          <url>https://oss.sonatype.org/service/local/staging/deploy/maven2/</url>
        </reference>
        <reference type="vcs">
          <url>https://github.com/qos-ch/slf4j/slf4j-parent/slf4j-api</url>
        </reference>
      </externalReferences>
    </component>
    <component type="library" bom-ref="pkg:maven/com.github.jnr/jnr-ffi@2.1.7?type=jar">
      <group>com.github.jnr</group>
      <name>jnr-ffi</name>
      <version>2.1.7</version>
      <description>A library for invoking native functions from java</description>
      <scope>required</scope>
      <hashes>
        <hash alg="MD5">5c1ea66275918665f1d6827fe2db5f87</hash>
        <hash alg="SHA-1">31a7391a212069303935a1df29566b7372d3ef9f</hash>
        <hash alg="SHA-256">2ed1bedf59935cd3cc0964bac5cd91638b2e966a82041fe0a6c85f52279c9b34</hash>
        <hash alg="SHA-512">e4fd3a05edebcff52a5aa93e6d4c8ff8bf4f183c50cff3b2f9b5b434d879bafafdbf78ee08dbda4bd313b959e93a89bc033ab12209aa6deb8e7986e2255f9066</hash>
        <hash alg="SHA-384">548b64c8512cb8b2ba8389eca924f24fbc3738c8bcfe280fc49e4f85c0529c3587b79509030dccdeb6c9c1712401ec96</hash>
        <hash alg="SHA3-384">e74daff8af85ea63fb32bbac52e7471a0405e29fe917efd951bac64903ac67d49ee6f588a1314917d48a7383435163bf</hash>
        <hash alg="SHA3-256">8625320d5e0a210064a58b7062e9d34d479cbfc73f5ecaaa3e0a9e4d6d72be9a</hash>
        <hash alg="SHA3-512">c3d041d06cb9e65a607fb91a7b8dba235c9b07df23ee485d92e46a64363bf34a5f295e633ced26c0f6f5dea8160d9f6c9c57f9b558b0751039ad5a340c59d286</hash>
      </hashes>
      <licenses>
        <license>
          <id>Apache-2.0</id>
        </license>
      </licenses>
      <purl>pkg:maven/com.github.jnr/jnr-ffi@2.1.7?type=jar</purl>
      <externalReferences>
        <reference type="website">
          <url>http://github.com/jnr/jnr-ffi</url>
        </reference>
        <reference type="distribution">
          <url>https://oss.sonatype.org/service/local/staging/deploy/maven2/</url>
        </reference>
      </externalReferences>
    </component>
    <component type="library" bom-ref="pkg:maven/com.github.jnr/jffi@1.2.16?type=jar">
      <group>com.github.jnr</group>
      <name>jffi</name>
      <version>1.2.16</version>
      <description>Java Foreign Function Interface</description>
      <scope>required</scope>
      <hashes>
        <hash alg="MD5">90fc8c0b31df29ef4d595c68a9d46de9</hash>
        <hash alg="SHA-1">5c1149dfcc9a16f85c8d9b8797f03806667cb9f1</hash>
        <hash alg="SHA-256">7a616bb7dc6e10531a28a098078f8184df9b008d5231bdc5f1c131839385335f</hash>
        <hash alg="SHA-512">6cf4da577ce7fff54553f049b32838001747d0eeb1965b63839ea0046dba7923ee753371a07fc51aeb458d7ffe0692b1a6a92f393563ba042f0d20fdfeff5c88</hash>
        <hash alg="SHA-384">52868c6f42e4d33bd8ce80fdddd8f7b3e07b015ad3257e4934bc67b614251f81a54ea90dd9369043f822af31eab9987e</hash>
        <hash alg="SHA3-384">1a53f1ba48536cf6569a93d38838f91ae2d05beba69ab83b4727d9d62a00939fbda4a275fed71f23073f4b85f17ecd2a</hash>
        <hash alg="SHA3-256">2c573c37de5155f631ed07ad06483d80dd00bfccab72d5837ee787173ec341eb</hash>
        <hash alg="SHA3-512">3bf8295fa2bff69f623fe687aa2e12998736de455d007b346ef2d9c93f2e5eae6e3c6952bc2b5ae136049ec19779f779469b375da614c889b6dc2f1eabad7958</hash>
      </hashes>
      <licenses>
        <license>
          <id>Apache-2.0</id>
        </license>
      </licenses>
      <purl>pkg:maven/com.github.jnr/jffi@1.2.16?type=jar</purl>
      <externalReferences>
        <reference type="website">
          <url>http://github.com/jnr/jffi</url>
        </reference>
        <reference type="distribution">
          <url>https://oss.sonatype.org/service/local/staging/deploy/maven2/</url>
        </reference>
      </externalReferences>
    </component>
    <component type="library" bom-ref="pkg:maven/com.github.jnr/jffi@1.2.16?classifier=native&amp;type=jar">
      <group>com.github.jnr</group>
      <name>jffi</name>
      <version>1.2.16</version>
      <description>Java Foreign Function Interface</description>
      <scope>required</scope>
      <hashes>
        <hash alg="MD5">5750b1111e4fdb7445bc08b5e74a2fd8</hash>
        <hash alg="SHA-1">3c1f0edf2df2c6e0419d60d0baa59659211624cb</hash>
        <hash alg="SHA-256">ef78953e3dbf47fab94469190bc2a6d601566a21d4651f73c822bad1c02b64fe</hash>
        <hash alg="SHA-512">3660e980144b4c22d9e23b76e9504ad38ef9cdb36553e87e2bbbb7a768b5626409814c678a76e0810bfc45d872db30d55fa22c6847c97b142db51590842ca2e3</hash>
        <hash alg="SHA-384">d61a7a03c16e5fae237c0fa6c695304199e39507bb91de5e86794f612bf80c79749c1d070ac683fd31b921ec0220671d</hash>
        <hash alg="SHA3-384">0ae0ad3f6da5cac899fc37bc4e3deb37a616e0e175a327a29bfc2aea969e92cabb7ac651281c9e4e70c90c074c846baf</hash>
        <hash alg="SHA3-256">67ffdf11f53b449cff9ecc916948f882bb31db535e462d68984b3ef61eb23324</hash>
        <hash alg="SHA3-512">079145cd58679d593ea8c04242ed352b82c21c9491745aad7463e2a652c75f65cdd35f07a81fd22f9821a66ed8dcd2c273060c7f1bdc3900f3d03a2dc04e6e82</hash>
      </hashes>
      <licenses>
        <license>
          <id>Apache-2.0</id>
        </license>
      </licenses>
      <purl>pkg:maven/com.github.jnr/jffi@1.2.16?classifier=native&amp;type=jar</purl>
      <externalReferences>
        <reference type="website">
          <url>http://github.com/jnr/jffi</url>
        </reference>
        <reference type="distribution">
          <url>https://oss.sonatype.org/service/local/staging/deploy/maven2/</url>
        </reference>
      </externalReferences>
    </component>
    <component type="library" bom-ref="pkg:maven/org.ow2.asm/asm-commons@5.0.3?type=jar">
      <publisher>ObjectWeb</publisher>
      <group>org.ow2.asm</group>
      <name>asm-commons</name>
      <version>5.0.3</version>
      <description>A very small and fast Java bytecode manipulation framework</description>
      <scope>required</scope>
      <hashes>
        <hash alg="MD5">49c4bd16df054f7b7376fcb80de5a225</hash>
        <hash alg="SHA-1">a7111830132c7f87d08fe48cb0ca07630f8cb91c</hash>
        <hash alg="SHA-256">18c1e092230233c9d29e46f21943d769bdb48130cc279e4b0e663f423948c2da</hash>
        <hash alg="SHA-512">702037de4cc53d3c4689d25223774384ce93372f4569d05e7e32e77a0d8a7efacaf3f574ee6e3ba5547f06431cb1595426da62f307d6fcf9321aaa9c4d7f6f77</hash>
        <hash alg="SHA-384">cf67d6185dab08278e741166de629c3ce74b46b7401e8dc25aec21d2c23a4b276e6e38be8e71846e55cdeb8731d59d43</hash>
        <hash alg="SHA3-384">e513199c78ebf2285da63f390480e7e08b2c549d199bb88459e870b82a5fef3e305ef35956aa4270a0b72ffa010fdb45</hash>
        <hash alg="SHA3-256">de52f4afa554268e440db87db8c47d6e2fe77e468d3cf7af50ae3275a8b1a859</hash>
        <hash alg="SHA3-512">500ff543cbbf18ec6be00d6a9e441db03c395e59b4e3a78c0ce9d75c66101f83e83c866000848fc5ed095eb1375d63f51931051f1c8d3e0903401abf77525af4</hash>
      </hashes>
      <licenses>
        <license>
          <id>BSD-4-Clause</id>
        </license>
      </licenses>
      <purl>pkg:maven/org.ow2.asm/asm-commons@5.0.3?type=jar</purl>
      <externalReferences>
        <reference type="website">
          <url>http://asm.objectweb.org/asm-commons/</url>
        </reference>
        <reference type="distribution">
          <url>http://repository.ow2.org/nexus/service/local/staging/deploy/maven2</url>
        </reference>
        <reference type="issue-tracker">
          <url>http://forge.objectweb.org/tracker/?group_id=23</url>
        </reference>
        <reference type="mailing-list">
          <url>http://www.objectweb.org/wws/arc/asm</url>
        </reference>
        <reference type="vcs">
          <url>http://svn.forge.objectweb.org/cgi-bin/viewcvs.cgi/asm/trunk/asm-commons/</url>
        </reference>
      </externalReferences>
    </component>
    <component type="library" bom-ref="pkg:maven/org.ow2.asm/asm-analysis@5.0.3?type=jar">
      <publisher>ObjectWeb</publisher>
      <group>org.ow2.asm</group>
      <name>asm-analysis</name>
      <version>5.0.3</version>
      <description>A very small and fast Java bytecode manipulation framework</description>
      <scope>required</scope>
      <hashes>
        <hash alg="MD5">f4bd5c076645f8004663cc35044fdb32</hash>
        <hash alg="SHA-1">c7126aded0e8e13fed5f913559a0dd7b770a10f3</hash>
        <hash alg="SHA-256">e8fa2a63462c96557dcd36c25525e1264b77366ff851cf0b94eb7592b290849d</hash>
        <hash alg="SHA-512">1e5d21f7b878c21ff79648a1976395fb1a4a355dc5e71e48b31ede7d1312210e6b829e47b0c3630fb75c20c34d785bcbb5c6cd88e7bf281ddb13fe512e6f8291</hash>
        <hash alg="SHA-384">9e22b8bc911d60cf8cc7158fbf9104cc09a2f1985ec4d14f5457016ed68dbad856e365819bd1facfe5dfe78ff83df0e0</hash>
        <hash alg="SHA3-384">953aebf69aa39e606a5e764b6122d9146f2f6141fe37905b5cf734440c6d9a3b59ba0477f4dc3182aa0adbdf1a20d52d</hash>
        <hash alg="SHA3-256">29caf5cd3ccd1c0f318afac88c47c82f7331671dd4097c0b7e993acbbac3dc53</hash>
        <hash alg="SHA3-512">9e180073be16c886a630d3c0ae3fc5087768796c08115a0c4149a2a02bbd96f48754d5cee83952dcbce67da04216ba4396260df9d19b7d3d493d370689d3bc55</hash>
      </hashes>
      <licenses>
        <license>
          <id>BSD-4-Clause</id>
        </license>
      </licenses>
      <purl>pkg:maven/org.ow2.asm/asm-analysis@5.0.3?type=jar</purl>
      <externalReferences>
        <reference type="website">
          <url>http://asm.objectweb.org/asm-analysis/</url>
        </reference>
        <reference type="distribution">
          <url>http://repository.ow2.org/nexus/service/local/staging/deploy/maven2</url>
        </reference>
        <reference type="issue-tracker">
          <url>http://forge.objectweb.org/tracker/?group_id=23</url>
        </reference>
        <reference type="mailing-list">
          <url>http://www.objectweb.org/wws/arc/asm</url>
        </reference>
        <reference type="vcs">
          <url>http://svn.forge.objectweb.org/cgi-bin/viewcvs.cgi/asm/trunk/asm-analysis/</url>
        </reference>
      </externalReferences>
    </component>
    <component type="library" bom-ref="pkg:maven/org.ow2.asm/asm-tree@5.0.3?type=jar">
      <publisher>ObjectWeb</publisher>
      <group>org.ow2.asm</group>
      <name>asm-tree</name>
      <version>5.0.3</version>
      <description>A very small and fast Java bytecode manipulation framework</description>
      <scope>required</scope>
      <hashes>
        <hash alg="MD5">94abc9b0126e1ec2c12625dfce54e32e</hash>
        <hash alg="SHA-1">287749b48ba7162fb67c93a026d690b29f410bed</hash>
        <hash alg="SHA-256">347a7a9400f9964e87c91d3980e48eebdc8d024bc3b36f7f22189c662853a51c</hash>
        <hash alg="SHA-512">41fa352a4b1fcb482cc71a5cf8eb25770e16aeaa926ffc5c9ef5e09ffa29a19cf9f274d7d413839b889620607b16c649fb3df82a41347269fe77c8f0f0e861db</hash>
        <hash alg="SHA-384">3a50bc80460a2fe31234d36cc949a0f89882d64a2f60702a6aa63668a82f3b8dece257bd042b7276c1243362f2a7f21a</hash>
        <hash alg="SHA3-384">b52f32f5407a3aaf5fb0348ba000afbe03b0747c326b1f3f0694e82cb7555498ca88995257d5d489cc878dbf1bcefe79</hash>
        <hash alg="SHA3-256">0fc931dd740d091b16c4aa25f56f074ce99526a5b3eebe9c5215dea301c0503d</hash>
        <hash alg="SHA3-512">7f9ced9a44c67efec51603f9e276b0ae39ac2c5012ebeeb9f77640ae99bdd091de51cd947f32f48b340995f86a8168abb23a3d7f69e718309059c263203f76d8</hash>
      </hashes>
      <licenses>
        <license>
          <id>BSD-4-Clause</id>
        </license>
      </licenses>
      <purl>pkg:maven/org.ow2.asm/asm-tree@5.0.3?type=jar</purl>
      <externalReferences>
        <reference type="website">
          <url>http://asm.objectweb.org/asm-tree/</url>
        </reference>
        <reference type="distribution">
          <url>http://repository.ow2.org/nexus/service/local/staging/deploy/maven2</url>
        </reference>
        <reference type="issue-tracker">
          <url>http://forge.objectweb.org/tracker/?group_id=23</url>
        </reference>
        <reference type="mailing-list">
          <url>http://www.objectweb.org/wws/arc/asm</url>
        </reference>
        <reference type="vcs">
          <url>http://svn.forge.objectweb.org/cgi-bin/viewcvs.cgi/asm/trunk/asm-tree/</url>
        </reference>
      </externalReferences>
    </component>
    <component type="library" bom-ref="pkg:maven/org.ow2.asm/asm-util@5.0.3?type=jar">
      <publisher>ObjectWeb</publisher>
      <group>org.ow2.asm</group>
      <name>asm-util</name>
      <version>5.0.3</version>
      <description>A very small and fast Java bytecode manipulation framework</description>
      <scope>required</scope>
      <hashes>
        <hash alg="MD5">85b23e37383c7bb9200a2ad5067842e1</hash>
        <hash alg="SHA-1">1512e5571325854b05fb1efce1db75fcced54389</hash>
        <hash alg="SHA-256">2768edbfa2681b5077f08151de586a6d66b916703cda3ab297e58b41ae8f2362</hash>
        <hash alg="SHA-512">4e4520640fbda565f6907b9e368801d4b7ed63e8613493ebc9f4e267808736aab607de7a0c5f410d7e4cf6f7b4fe467446ccddcc9b3ebb2ee6c95791dff1f8d0</hash>
        <hash alg="SHA-384">b58244897b275773842858ea1483d9c3a5cc1aca549b964e9c354f9811e9a20fe692ff6dbd02b7bff11bf90786a2f053</hash>
        <hash alg="SHA3-384">19acab5c0999c5358086bd956a1c22e3c59bff45b51775ee6f1dee9fd457c2966090aa66eac0a5cb55e0f99e0427465c</hash>
        <hash alg="SHA3-256">92dfd26b8d4e73bdd5d8e193cc8f9d9ba2d09437b653d4f27c629aaf3927ab3e</hash>
        <hash alg="SHA3-512">4e1a03301be6d66e9aea95b1d5cd48be1f08c424f5cd00369e9f8cce7429e1cd86a01b146c80d49d00f81a5a9e46279f0e1e5b308d958e4bd6bb522b8991b953</hash>
      </hashes>
      <licenses>
        <license>
          <id>BSD-4-Clause</id>
        </license>
      </licenses>
      <purl>pkg:maven/org.ow2.asm/asm-util@5.0.3?type=jar</purl>
      <externalReferences>
        <reference type="website">
          <url>http://asm.objectweb.org/asm-util/</url>
        </reference>
        <reference type="distribution">
          <url>http://repository.ow2.org/nexus/service/local/staging/deploy/maven2</url>
        </reference>
        <reference type="issue-tracker">
          <url>http://forge.objectweb.org/tracker/?group_id=23</url>
        </reference>
        <reference type="mailing-list">
          <url>http://www.objectweb.org/wws/arc/asm</url>
        </reference>
        <reference type="vcs">
          <url>http://svn.forge.objectweb.org/cgi-bin/viewcvs.cgi/asm/trunk/asm-util/</url>
        </reference>
      </externalReferences>
    </component>
    <component type="library" bom-ref="pkg:maven/com.github.jnr/jnr-x86asm@1.0.2?type=jar">
      <group>com.github.jnr</group>
      <name>jnr-x86asm</name>
      <version>1.0.2</version>
      <description>A pure-java X86 and X86_64 assembler</description>
      <scope>required</scope>
      <hashes>
        <hash alg="MD5">00670735acb2a9d1421b506dc7d338bc</hash>
        <hash alg="SHA-1">006936bbd6c5b235665d87bd450f5e13b52d4b48</hash>
        <hash alg="SHA-256">39f3675b910e6e9b93825f8284bec9f4ad3044cd20a6f7c8ff9e2f8695ebf21e</hash>
        <hash alg="SHA-512">e928926b01ce545144c1bbf160edee9b923773e32f9a399a71c2ab5e8325d9cbcfb41f41c8f008b80d1beab8da1c4b74845996479c07ed73bc131959911d4762</hash>
        <hash alg="SHA-384">91839815885716f1202a824b195a475d4d7561690192b42cf05b8c6432556a3e7e2dab13b6e970986a97711fb7060844</hash>
        <hash alg="SHA3-384">ed27f9b39907e92805c2d6ae6a045e00e24f51544501df3b98b593177df4fe55fee2347c668df66c2ea6fae64c66ee0c</hash>
        <hash alg="SHA3-256">f2e4e4807f6674a5b428cebdbdd01e8cadbeee71b785a046bec2bec1de63a41b</hash>
        <hash alg="SHA3-512">0dfffcf0daac9513b347ab8bf22887360feea890428e12857d7d3400400ba498fdc61307d9fd9c6a5e1baa9a96279afc07bba08c6229ed4ede71569d710fd0f6</hash>
      </hashes>
      <licenses>
        <license>
          <id>MIT</id>
          <url>https://opensource.org/licenses/MIT</url>
        </license>
      </licenses>
      <purl>pkg:maven/com.github.jnr/jnr-x86asm@1.0.2?type=jar</purl>
      <externalReferences>
        <reference type="website">
          <url>http://github.com/jnr/jnr-x86asm</url>
        </reference>
        <reference type="distribution">
          <url>https://oss.sonatype.org/service/local/staging/deploy/maven2/</url>
        </reference>
      </externalReferences>
    </component>
    <component type="library" bom-ref="pkg:maven/com.github.jnr/jnr-posix@3.0.44?type=jar">
      <group>com.github.jnr</group>
      <name>jnr-posix</name>
      <version>3.0.44</version>
      <description>Common cross-project/cross-platform POSIX APIs</description>
      <scope>required</scope>
      <hashes>
        <hash alg="MD5">6e9121b8c504de94e34499570ed189c2</hash>
        <hash alg="SHA-1">1f8e4551454e613c04f6d4045ed9d5b98e21980f</hash>
        <hash alg="SHA-256">8442c39b21a82eab9f07039ddd5caeb1707247e1bf45c2abf3150869393ce182</hash>
        <hash alg="SHA-512">22f73e2b00d3ab22d4617eb91b79f941335e842f2977bb8117b8961bac6b4a2f993fc422c5d37fc4ab00fdce906f023050ba118991b0083bb3079ee2f7a6af09</hash>
        <hash alg="SHA-384">5f176a4913ce5118c8a8a890585de6ef7751ad206451323bf01892ddc490856d17a2479a7dca841e82740058e99019ef</hash>
        <hash alg="SHA3-384">1b1f8c918d487f740fb2c3398b5192e0bd0c22c1e5e31434f649c1285b5e97b6577c6a8e3852b6ae2a1e0e73986927ab</hash>
        <hash alg="SHA3-256">7d709c997b8c0951f9853b90ac349d319ce40cdba490b0921b7d59802bc8f4f0</hash>
        <hash alg="SHA3-512">89027dffe6510227f068db8689d8addce325e96cd5de4b88aa8f55097b17e17c60a73dce9d4f3fcb8696c2ab1e24ae4bf9383fdf23ea38aeb0669a352c0b7a61</hash>
      </hashes>
      <licenses>
        <license>
          <name>Common Public License - v 1.0</name>
          <url>http://www-128.ibm.com/developerworks/library/os-cpl.html</url>
        </license>
        <license>
          <name>GNU General Public License Version 2</name>
          <url>http://www.gnu.org/copyleft/gpl.html</url>
        </license>
        <license>
          <name>GNU Lesser General Public License Version 2.1</name>
          <url>http://www.gnu.org/licenses/lgpl.html</url>
        </license>
      </licenses>
      <purl>pkg:maven/com.github.jnr/jnr-posix@3.0.44?type=jar</purl>
      <externalReferences>
        <reference type="website">
          <url>http://nexus.sonatype.org/oss-repository-hosting.html/jnr-posix</url>
        </reference>
        <reference type="distribution">
          <url>https://oss.sonatype.org/service/local/staging/deploy/maven2/</url>
        </reference>
        <reference type="issue-tracker">
          <url>http://jira.codehaus.org/browse/JRUBY</url>
        </reference>
      </externalReferences>
    </component>
    <component type="library" bom-ref="pkg:maven/com.github.jnr/jnr-constants@0.9.9?type=jar">
      <group>com.github.jnr</group>
      <name>jnr-constants</name>
      <version>0.9.9</version>
      <description>A set of platform constants (e.g. errno values)</description>
      <scope>required</scope>
      <hashes>
        <hash alg="MD5">dda134f02497e1613fc0dd2d29bae42f</hash>
        <hash alg="SHA-1">33f23994e09aeb49880aa01e12e8e9eff058c14c</hash>
        <hash alg="SHA-256">6862e69646fb726684d8610bc5a65740feab5f235d8d1dc7596113bd1ad54181</hash>
        <hash alg="SHA-512">411111d14201efa200584f497ddf60753217d55f5c932b9687168d6896c025087480027066bd924a6210abb1f77bfef7ac5595f815de5413f1a21956f1fafa27</hash>
        <hash alg="SHA-384">fbc1e08405ae010022f4117db3369bd4c6b8941b3d448ff4f11cdf44dcbdd6b7cc4fc7fddb450567095d51d5e56db871</hash>
        <hash alg="SHA3-384">52e5584c3e047340ebac2cfa699d72bbacc0348e0246f5305bfa227f001220a29ab45ec6fcd1d6f76e88790464c025eb</hash>
        <hash alg="SHA3-256">3254a885d5f39257ef43b4a7a0af17fad3f35785a98f6ebe4cd522cccc00314a</hash>
        <hash alg="SHA3-512">d33ef9ced663fa37d105ea28b4d8bff59078e9d6ed4638a11e7d422320cd27c88229385bc7f7ea6a1de0ba75895a94a3a67f37324ea110d4db5b34b8df8a9c47</hash>
      </hashes>
      <licenses>
        <license>
          <id>Apache-2.0</id>
        </license>
      </licenses>
      <purl>pkg:maven/com.github.jnr/jnr-constants@0.9.9?type=jar</purl>
      <externalReferences>
        <reference type="website">
          <url>http://github.com/jnr/jnr-constants</url>
        </reference>
        <reference type="distribution">
          <url>https://oss.sonatype.org/service/local/staging/deploy/maven2/</url>
        </reference>
      </externalReferences>
    </component>
    <component type="library" bom-ref="pkg:maven/com.fasterxml.jackson.core/jackson-databind@2.16.0?type=jar">
      <publisher>FasterXML</publisher>
      <group>com.fasterxml.jackson.core</group>
      <name>jackson-databind</name>
      <version>2.16.0</version>
      <description>General data-binding functionality for Jackson: works on core streaming API</description>
      <scope>required</scope>
      <hashes>
        <hash alg="MD5">f9ae3e3bd773be8b474cb1b98dcf7ee6</hash>
        <hash alg="SHA-1">3a6b7f8ff7b30d518bbd65678e9c30cd881f19a7</hash>
        <hash alg="SHA-256">8aaf1753823be70b798290e5826ab5bfe015d35b3a36a5d3c2ec9f57d4b0138b</hash>
        <hash alg="SHA-512">2f0a4211c1723bd88299380093a935840290694838a4c5ae0989bad46a615e02017b707ba7f3b825d0f0163f42a392efd0a1629024594992b5a4edee415c207a</hash>
        <hash alg="SHA-384">8113432d108a152cd08ff4b12e4ea649d3240db070d3194a64712459436c1ea0c4b5362ec86ed076dc92c013215b043c</hash>
        <hash alg="SHA3-384">5f708bb3920dc2da40fab38218404760bb3c5aeabe361212bbfb0a0586d009e2d8724db7602694834d13f814c2683472</hash>
        <hash alg="SHA3-256">20e10ade4d4842297ccd29f20db6f9e8f1caf845fe99460a238bc6681a384da1</hash>
        <hash alg="SHA3-512">e898514f8eb2e5c8ace07ff7c587408434eb4c330ea0067a01655be9d199e7fce59a8519869fd118cbcf86c019faccef6a6a2dfd3d79a454554ec0e1dafa739b</hash>
      </hashes>
      <licenses>
        <license>
          <id>Apache-2.0</id>
        </license>
      </licenses>
      <purl>pkg:maven/com.fasterxml.jackson.core/jackson-databind@2.16.0?type=jar</purl>
      <externalReferences>
        <reference type="website">
          <url>https://github.com/FasterXML/jackson</url>
        </reference>
        <reference type="distribution">
          <url>https://oss.sonatype.org/service/local/staging/deploy/maven2/</url>
        </reference>
        <reference type="issue-tracker">
          <url>https://github.com/FasterXML/jackson-databind/issues</url>
        </reference>
        <reference type="vcs">
          <url>https://github.com/FasterXML/jackson-databind</url>
        </reference>
      </externalReferences>
    </component>
    <component type="library" bom-ref="pkg:maven/com.fasterxml.jackson.core/jackson-core@2.16.0?type=jar">
      <publisher>FasterXML</publisher>
      <group>com.fasterxml.jackson.core</group>
      <name>jackson-core</name>
      <version>2.16.0</version>
      <description>Core Jackson processing abstractions (aka Streaming API), implementation for JSON</description>
      <scope>required</scope>
      <hashes>
        <hash alg="MD5">e2510fa60b7d363566a9016a8c40710f</hash>
        <hash alg="SHA-1">899e5cf01be55fbf094ad72b2edb0c5df99111ee</hash>
        <hash alg="SHA-256">66e2cde4cc7e565d5fce2a2998b64e991777bf9fad4d220735c525fd8d01c31a</hash>
        <hash alg="SHA-512">89b134b2808c34562f751ff39b938e8c1b67030c4cfb8fd0418d76aed1d6b8f256915a5e88d9935f472322b414a7002e59d92160854cbd01774b28eed61c5315</hash>
        <hash alg="SHA-384">fae7b757f776419e32e2f598f12c92c576c37e0ca489250a4aabf2db118913163aba958a9d5414da47d770810b20594a</hash>
        <hash alg="SHA3-384">c51d4ed62c446f42bb3dbdfaa76fbb26beb1386aff50533049addc6bfc23476195060e80f06cc14e35540d7181f1b314</hash>
        <hash alg="SHA3-256">d1ef5cdf29d629c6291b3d39f7ce9c0f3538d3713c6840430f36e32b333c85a4</hash>
        <hash alg="SHA3-512">6af6b9310b50644e3fa8b3f6b9f8f97151c6745d68440736543fb0d2e2a913f4fa0a189c876ae9899941db980e4ece0e34996ff79a39a10fff71e97144cc1504</hash>
      </hashes>
      <licenses>
        <license>
          <id>Apache-2.0</id>
        </license>
      </licenses>
      <purl>pkg:maven/com.fasterxml.jackson.core/jackson-core@2.16.0?type=jar</purl>
      <externalReferences>
        <reference type="website">
          <url>https://github.com/FasterXML/jackson-core</url>
        </reference>
        <reference type="distribution">
          <url>https://oss.sonatype.org/service/local/staging/deploy/maven2/</url>
        </reference>
        <reference type="issue-tracker">
          <url>https://github.com/FasterXML/jackson-core/issues</url>
        </reference>
        <reference type="vcs">
          <url>https://github.com/FasterXML/jackson-core</url>
        </reference>
      </externalReferences>
    </component>
    <component type="library" bom-ref="pkg:maven/com.fasterxml.jackson.core/jackson-annotations@2.16.0?type=jar">
      <publisher>FasterXML</publisher>
      <group>com.fasterxml.jackson.core</group>
      <name>jackson-annotations</name>
      <version>2.16.0</version>
      <description>Core annotations used for value types, used by Jackson data binding package.</description>
      <scope>required</scope>
      <hashes>
        <hash alg="MD5">9caec6e7cdd5cc18e18f99359b9e8d95</hash>
        <hash alg="SHA-1">dc30995f7428c0a405eba9b8c619b20d2b3b9905</hash>
        <hash alg="SHA-256">c4b90ea0c0074da17efdc3aa23973525f25d6f34725692169748f529547334a6</hash>
        <hash alg="SHA-512">2c7d70c88b7e8dd710863f8c920d3e2fe56f8ecc01c757011bd9bbd195228028402566fbf4feaa083192453348a86a70732bf5d3f6eebb75ab4e5b3a525f6148</hash>
        <hash alg="SHA-384">99413ce47a9980b0954051f651068565e75b6300c0b801179c87f347053e9c9f31c60c698a7e1ee9d1ff664facbb6c8e</hash>
        <hash alg="SHA3-384">074ae852029679152418a8038e4743f0a08ac8629c829655528e55df9a9b485ab156760beb3d56e312e49dc9935979a2</hash>
        <hash alg="SHA3-256">b06c76f9180c0c520d1a1f207f8dda1a5428282c2c8aa6483d762473aa09e8d4</hash>
        <hash alg="SHA3-512">d3501082dc25d1fe1b044ca8361d74945f5a7a6dffc54261c0465b858efccc510e364d7a23dc32335648196cd4aa8d512f7dc9a79142cd19aa477270ed4daf5a</hash>
      </hashes>
      <licenses>
        <license>
          <id>Apache-2.0</id>
        </license>
      </licenses>
      <purl>pkg:maven/com.fasterxml.jackson.core/jackson-annotations@2.16.0?type=jar</purl>
      <externalReferences>
        <reference type="website">
          <url>https://github.com/FasterXML/jackson</url>
        </reference>
        <reference type="distribution">
          <url>https://oss.sonatype.org/service/local/staging/deploy/maven2/</url>
        </reference>
        <reference type="issue-tracker">
          <url>https://github.com/FasterXML/jackson-annotations/issues</url>
        </reference>
        <reference type="vcs">
          <url>https://github.com/FasterXML/jackson-annotations</url>
        </reference>
      </externalReferences>
    </component>
    <component type="library" bom-ref="pkg:maven/org.ow2.asm/asm@5.0.4?type=jar">
      <publisher>ObjectWeb</publisher>
      <group>org.ow2.asm</group>
      <name>asm</name>
      <version>5.0.4</version>
      <description>A very small and fast Java bytecode manipulation framework</description>
      <scope>required</scope>
      <hashes>
        <hash alg="MD5">c8a73cdfdf802ab0220c860d590d0f84</hash>
        <hash alg="SHA-1">0da08b8cce7bbf903602a25a3a163ae252435795</hash>
        <hash alg="SHA-256">896618ed8ae62702521a78bc7be42b7c491a08e6920a15f89a3ecdec31e9a220</hash>
        <hash alg="SHA-512">afee8f98ee21771f104318d95b839d9ea6ea083157bd62d8bc3462d9302dc20ea939d1b4ae2222f92f09b92bc9ab1317aff02734007f716cc805fe49b92a8a5a</hash>
        <hash alg="SHA-384">84f68859e74fc5a1bbb32bad682b3554ba0b4177f1e152991defe37151bdc31c1378da2876fe995c19445ca793260170</hash>
        <hash alg="SHA3-384">e2208311fb6a0807a535d18f7053c66b006bad3ff47c0937b675131d667b243402f8a4ed79028f24482f4c2d542685a2</hash>
        <hash alg="SHA3-256">ad3bf09396094a4522742f61155d40953b7c0ff806942e827797a1bcab62a8cd</hash>
        <hash alg="SHA3-512">37ac38d0cbaf89113e53845fc73da643fec6a2a6a4a0c03106b7c3bf2c645744095762d9b20bcaf5b691c3d91175983ad8e915d40ce71cdb8feae0c2bce17fc8</hash>
      </hashes>
      <licenses>
        <license>
          <id>BSD-4-Clause</id>
        </license>
      </licenses>
      <purl>pkg:maven/org.ow2.asm/asm@5.0.4?type=jar</purl>
      <externalReferences>
        <reference type="website">
          <url>http://asm.objectweb.org/asm/</url>
        </reference>
        <reference type="distribution">
          <url>http://repository.ow2.org/nexus/service/local/staging/deploy/maven2</url>
        </reference>
        <reference type="issue-tracker">
          <url>http://forge.objectweb.org/tracker/?group_id=23</url>
        </reference>
        <reference type="mailing-list">
          <url>http://www.objectweb.org/wws/arc/asm</url>
        </reference>
        <reference type="vcs">
          <url>http://svn.forge.objectweb.org/cgi-bin/viewcvs.cgi/asm/trunk/asm/</url>
        </reference>
      </externalReferences>
    </component>
    <component type="library" bom-ref="pkg:maven/biz.aQute.bnd/biz.aQute.bnd.annotation@6.4.1?type=jar">
      <publisher>Bndtools</publisher>
      <group>biz.aQute.bnd</group>
      <name>biz.aQute.bnd.annotation</name>
      <version>6.4.1</version>
      <description>bnd Annotations Library</description>
      <scope>required</scope>
      <hashes>
        <hash alg="MD5">8886f01b0c82247a946462822b8f0cd3</hash>
        <hash alg="SHA-1">381d53a2e2f48c2623e04990f4a2b06b6885cab1</hash>
        <hash alg="SHA-256">257c6311821695cc7464460ebe14fa164e911b26bd3a7e885dd2f6b54e52dd9c</hash>
        <hash alg="SHA-512">fd846f48289d5df2e7cab028dc9ee1cb4e3c34fe12717b9bcbd1a76e0347291cfe16b85d3371760861a3b3cd565294103e93d4933f8287bc9994842af58c0bf0</hash>
        <hash alg="SHA-384">933cfe88bd7a91bffde3faf8e829f6c2ff20a3d6b96d2adb1353cb6686285ae21ee41f469a3a590ddb8aca280f93e1e0</hash>
        <hash alg="SHA3-384">985e9cc627e13cb9214c5a83c7e82ecdfad01f94a513e7df94711ec2d286c40bb8d8b97e1faec0db05d597e39b0d853b</hash>
        <hash alg="SHA3-256">e1980a84894686db59a84510a39bdf514ff854b6dc86c34beeb0dadbc5f90bc4</hash>
        <hash alg="SHA3-512">910cfe0c0c4265b3c01e0c26ecd8c036241a9d5382bed00d04c538a85203739acf759ffb766e2384c407943e806258721d499122cdc0b6e73838e60fa2a8e616</hash>
      </hashes>
      <licenses>
        <license>
          <name>(Apache-2.0 OR EPL-2.0)</name>
          <url>https://opensource.org/licenses/Apache-2.0,https://opensource.org/licenses/EPL-2.0</url>
        </license>
      </licenses>
      <purl>pkg:maven/biz.aQute.bnd/biz.aQute.bnd.annotation@6.4.1?type=jar</purl>
      <externalReferences>
        <reference type="website">
          <url>https://bnd.bndtools.org/</url>
        </reference>
        <reference type="vcs">
          <url>https://github.com/bndtools/bnd</url>
        </reference>
      </externalReferences>
    </component>
    <component type="library" bom-ref="pkg:maven/org.osgi/org.osgi.resource@1.0.0?type=jar">
      <publisher>OSGi Alliance</publisher>
      <group>org.osgi</group>
      <name>org.osgi.resource</name>
      <version>1.0.0</version>
      <description>OSGi Companion Code for org.osgi.resource Version 1.0.0.</description>
      <scope>required</scope>
      <hashes>
        <hash alg="MD5">7d857a4203e2996fab0cf070133e43df</hash>
        <hash alg="SHA-1">343c88949132984b3f2d4175a72c40b77dc65619</hash>
        <hash alg="SHA-256">81fc50f1f1d38a4af28e131907d4afe213249aab05060484edca0e60c4af9b4a</hash>
        <hash alg="SHA-512">4e798790856f83f50832db80bfab64dfceeff1c509d7dde43e74a9f9192ea7a7d5ea77b9b1e81291fa6ba3dcef5ab8fa791ca8093a72a08d7ca6f6499e13e506</hash>
        <hash alg="SHA-384">73038c395166552b64b6b5469bd8056584f48d19b5762df2e8bd2770405ed8f6071e397a87d9a7ed39f8c2e0e8ab85b2</hash>
        <hash alg="SHA3-384">e06c8a460b3bf06d6cb22237aeffa6afd2eadd9461096c67b768a14603ad8aaa88f891d03cf0a273a99d86906c1c8eb3</hash>
        <hash alg="SHA3-256">1097cfd20e80ce368fd828a23ad7c32a202cebd92106f6ebb88ba55ca74349ee</hash>
        <hash alg="SHA3-512">d7b710e1e0484badb875f326c602c90df6705df48b0f057320919a5255d3ecbddd7053eabc68787480a70aebd7e553e9f51728112e1fa0846c849366b7e8d69b</hash>
      </hashes>
      <licenses>
        <license>
          <id>Apache-2.0</id>
        </license>
      </licenses>
      <purl>pkg:maven/org.osgi/org.osgi.resource@1.0.0?type=jar</purl>
      <externalReferences>
        <reference type="website">
          <url>http://www.osgi.org/</url>
        </reference>
        <reference type="vcs">
          <url>https://osgi.org/git/build.git</url>
        </reference>
      </externalReferences>
    </component>
    <component type="library" bom-ref="pkg:maven/org.osgi/org.osgi.service.serviceloader@1.0.0?type=jar">
      <publisher>OSGi Alliance</publisher>
      <group>org.osgi</group>
      <name>org.osgi.service.serviceloader</name>
      <version>1.0.0</version>
      <description>OSGi Companion Code for org.osgi.service.serviceloader Version 1.0.0.</description>
      <scope>required</scope>
      <hashes>
        <hash alg="MD5">4943f0102a6d893c4dd77f369a5f0537</hash>
        <hash alg="SHA-1">3728ff37909c6a3c1870b3e851342d9f2bd3cc63</hash>
        <hash alg="SHA-256">8f876ce2a9aa4e95b1f1952950255103e2487425050a654f3285447ba601c154</hash>
        <hash alg="SHA-512">a7def4cb7a8ed992645faa80a780e0b30bd39c1587b5bcb65fe170d10842d0d880c2849edd50c64807fe0e4b9cc0051337d1b161d0d390465d9e63a762861c49</hash>
        <hash alg="SHA-384">1e480694b8a541da4cd1e044d3f3ea3cd55152515ac022b80d865b6654242506c2138daabb4e71c30d36b12b9aaf676d</hash>
        <hash alg="SHA3-384">7f076af200ae9c2bd9f235b949aee01a1a758c8aac10fee8b98ec2497197d2029117d5627eb0eabd9b42979eb1baa009</hash>
        <hash alg="SHA3-256">83b1dce69c4c899176eb6e368e434ecb77dfed7c436530b8c5d08b9b6f2430aa</hash>
        <hash alg="SHA3-512">5debde53a7ead231dcd907467d59728f59cae4eb3b967c19808f78890bd97d2f04657cad9c093e88f9818338b0b3b38a57c66400ebcff61fbb26d18e9f7bf8ed</hash>
      </hashes>
      <licenses>
        <license>
          <id>Apache-2.0</id>
        </license>
      </licenses>
      <purl>pkg:maven/org.osgi/org.osgi.service.serviceloader@1.0.0?type=jar</purl>
      <externalReferences>
        <reference type="website">
          <url>http://www.osgi.org/</url>
        </reference>
        <reference type="vcs">
          <url>https://osgi.org/git/build.git</url>
        </reference>
      </externalReferences>
    </component>
    <component type="library" bom-ref="pkg:maven/com.google.errorprone/error_prone_annotations@2.23.0?type=jar">
      <publisher>Google LLC</publisher>
      <group>com.google.errorprone</group>
      <name>error_prone_annotations</name>
      <version>2.23.0</version>
      <description>Error Prone is a static analysis tool for Java that catches common programming mistakes at compile-time.</description>
      <scope>required</scope>
      <hashes>
        <hash alg="MD5">b3ea764beb68c9b44cf57c1b5a5608b2</hash>
        <hash alg="SHA-1">43a27853b6c7d54893e0b1997c2c778c347179eb</hash>
        <hash alg="SHA-256">ec6f39f068b6ff9ac323c68e28b9299f8c0a80ca512dccb1d4a70f40ac3ec054</hash>
        <hash alg="SHA-512">a71637e21cdd4f236494af2fabe6ddcf3173c53627b9157913195e9f5b4a6b1d000122d7eb10229059f50deb8115d91fd25d2f12a3887936a19238477c623bc7</hash>
        <hash alg="SHA-384">1301f6229ac0c890bcf1356ef255d97dcebcf6a35f45f3321d7b13b164a4d89a96459fea25c5b0d280d86388eb05cbfb</hash>
        <hash alg="SHA3-384">31b07b9d8541da42debf6dd119254d1e480c05549ee7ecf4295adc2553130ec5220ae9e5e0da74a55f75044bd2a794b6</hash>
        <hash alg="SHA3-256">0c3566a22f558ba7bbbcab6b00bef402032f55cb299b949aa947b08db528bd58</hash>
        <hash alg="SHA3-512">50d8990e8ffcd78e62899cde5790fbde4bdd3e362494d5261aff80bcefc3224c2c1df58bd9d4cda32a893dd8d94c8b0f65e24fda0e6a42d7176c2aed56e50358</hash>
      </hashes>
      <licenses>
        <license>
          <id>Apache-2.0</id>
        </license>
      </licenses>
      <purl>pkg:maven/com.google.errorprone/error_prone_annotations@2.23.0?type=jar</purl>
      <externalReferences>
        <reference type="website">
          <url>https://errorprone.info/error_prone_annotations</url>
        </reference>
        <reference type="vcs">
          <url>https://github.com/google/error-prone/error_prone_annotations</url>
        </reference>
      </externalReferences>
    </component>
    <component type="library" bom-ref="pkg:maven/org.osgi/osgi.annotation@8.1.0?type=jar">
      <publisher>Eclipse Foundation</publisher>
      <group>org.osgi</group>
      <name>osgi.annotation</name>
      <version>8.1.0</version>
      <description>OSGi Annotation Release 8, Annotations for use in compiling bundles</description>
      <scope>required</scope>
      <hashes>
        <hash alg="MD5">3bcfab9c55a2bcc158aa4953084021b6</hash>
        <hash alg="SHA-1">59d42736bcc0af2144ba5c1a12ff7c08ea4b7e12</hash>
        <hash alg="SHA-256">68afeb86a5322675d4dfe3df5863c7d8a37b34c18e3a8e41553f1ab3ac15d78f</hash>
        <hash alg="SHA-512">a190fa888fd22c2c31455d672b3e50ca79fa9f02269b9d45f6e6fc189dc8f90d20663e290f151a851e010b52ce87e62dc5079253c3e59caa72f11ea6248ffb26</hash>
        <hash alg="SHA-384">581c88a48fc7df5edae29712f943ef780fb0f32b4eee10dfcaa879f122f19fd1645b961b38bc0a97dd894d89952fdb68</hash>
        <hash alg="SHA3-384">ab4fab76440671def19eb0ca3370d8f0f8a915df4ec92e5aa2b9e12a4b97aa49301c51ccd28a2d2718beec6fe8105bc6</hash>
        <hash alg="SHA3-256">6849ce4a9cad5dbf2dce1ad817442821a633f8ae10ab1ccde69ac46d26127a46</hash>
        <hash alg="SHA3-512">3c3ce68b5ae1ea157f78d72a210cc152375fd8819a7c85ed5c718fbe387ffb522715e1b0dfa5094caed1e8bbe4b8fcc6d2aadd1cd3851f4c0fffebda5acaebba</hash>
      </hashes>
      <licenses>
        <license>
          <id>Apache-2.0</id>
          <url>https://www.apache.org/licenses/LICENSE-2.0</url>
        </license>
      </licenses>
      <purl>pkg:maven/org.osgi/osgi.annotation@8.1.0?type=jar</purl>
      <externalReferences>
        <reference type="website">
          <url>https://docs.osgi.org/</url>
        </reference>
        <reference type="vcs">
          <url>https://github.com/osgi/osgi</url>
        </reference>
      </externalReferences>
    </component>
    <component type="library" bom-ref="pkg:maven/org.osgi/org.osgi.annotation.bundle@2.0.0?type=jar">
      <publisher>Eclipse Foundation</publisher>
      <group>org.osgi</group>
      <name>org.osgi.annotation.bundle</name>
      <version>2.0.0</version>
      <description>OSGi Companion Code for org.osgi.annotation.bundle Version 2.0.0</description>
      <scope>required</scope>
      <hashes>
        <hash alg="MD5">19115314a0ce4cfb711a811dcc0be0a3</hash>
        <hash alg="SHA-1">f5c2cd6e670c3c5d440d3003efd5ef2ead5c68eb</hash>
        <hash alg="SHA-256">b9c9546ec5be3ebc2e85ba4919150ad76d64594805282fc895133a47d264a7ae</hash>
        <hash alg="SHA-512">f16b8983240ba3c08d6bc78e2eae92e89eb528f32a705961d90b463def0a5ed1ba08cc3d0be38b5dcfb946c6f759df772e122fb769e58e8c20aa79a489a1fd21</hash>
        <hash alg="SHA-384">88217b7d3a2d9a0a3f005162b95d68ba2bd29629688b2c32e93e4587d89fe6bd468f5c62ef422ebf2b609d402e62ff56</hash>
        <hash alg="SHA3-384">c7ee64dd3e235d900d01d8629b82245303d34a006e1edcd2571ef736d9c6256dcb718be326ad4909cb6d2cea26118ea9</hash>
        <hash alg="SHA3-256">9adcacb036caf30d17a13fcd5952a35e011678b1dbfabafdff73dba065ace8a3</hash>
        <hash alg="SHA3-512">76bec6bb2cdbc8da043760a7aedd51203c8d70b740c9b8de0ba6b0cf9ad991a58059566e7f62dee30606f32d267b2596d5bd5e885c73e336ae7fff6cf7f970db</hash>
      </hashes>
      <licenses>
        <license>
          <id>Apache-2.0</id>
          <url>https://www.apache.org/licenses/LICENSE-2.0</url>
        </license>
      </licenses>
      <purl>pkg:maven/org.osgi/org.osgi.annotation.bundle@2.0.0?type=jar</purl>
      <externalReferences>
        <reference type="website">
          <url>https://docs.osgi.org/</url>
        </reference>
        <reference type="vcs">
          <url>https://github.com/osgi/osgi</url>
        </reference>
      </externalReferences>
    </component>
    <component type="library" bom-ref="pkg:maven/org.osgi/org.osgi.annotation.versioning@1.1.2?type=jar">
      <publisher>Eclipse Foundation</publisher>
      <group>org.osgi</group>
      <name>org.osgi.annotation.versioning</name>
      <version>1.1.2</version>
      <description>OSGi Companion Code for org.osgi.annotation.versioning Version 1.1.2</description>
      <scope>required</scope>
      <hashes>
        <hash alg="MD5">a61b3b8d09c85ad296c61e21bf77ec70</hash>
        <hash alg="SHA-1">dc3cd4ec96c0b3c5459fe00694bd73a816ecf93e</hash>
        <hash alg="SHA-256">f51f235e80df8ffbc30ef1b557b6ea38a696632d675404ec117e952978b8b863</hash>
        <hash alg="SHA-512">a4c612bec624a168f25f0923d51925bbc914686673eeebd5b2442998b876f05855e2b0a6e6e9aca4a6533ed3156b0d24f94c3e508ee9778e1b2e469be318afa3</hash>
        <hash alg="SHA-384">68a2046f083a2e77304622a56d07c0e73ba88534af4a87b5428cebf8b638c40ce21bbac089a8b5520ad488c946b633ea</hash>
        <hash alg="SHA3-384">930734f6979650191d51cd8bf1f9ab4548d307950735aa98e2dbda7aecc19b49d01a3b968824f6df2ffafce65e122c60</hash>
        <hash alg="SHA3-256">513392d0e8ddd873d04c5cf4f402a9cfe094413832bb859fe37b70fd0512dd12</hash>
        <hash alg="SHA3-512">3d2bd7d2eb784a9fab4b09c42adb0722363079235340f1915bb82a99f1c5e616ee8f3dc34d2c90b941d2651dcb4f393c7fea3e23b579456a696604148d10f22b</hash>
      </hashes>
      <licenses>
        <license>
          <id>Apache-2.0</id>
          <url>https://www.apache.org/licenses/LICENSE-2.0</url>
        </license>
      </licenses>
      <purl>pkg:maven/org.osgi/org.osgi.annotation.versioning@1.1.2?type=jar</purl>
      <externalReferences>
        <reference type="website">
          <url>https://docs.osgi.org/</url>
        </reference>
        <reference type="vcs">
          <url>https://github.com/osgi/osgi</url>
        </reference>
      </externalReferences>
    </component>
    <component type="library" bom-ref="pkg:maven/com.github.spotbugs/spotbugs-annotations@4.8.1?type=jar">
      <group>com.github.spotbugs</group>
      <name>spotbugs-annotations</name>
      <version>4.8.1</version>
      <description>Annotations the SpotBugs tool supports</description>
      <scope>required</scope>
      <hashes>
        <hash alg="MD5">47a418cf2356cc9626183b0d07438f5b</hash>
        <hash alg="SHA-1">8b7a91a79245f3de0d8c2f73c6f685562280d7bd</hash>
        <hash alg="SHA-256">06eba41a81aaccb011c3f75afa019e509cda7f1eb7a4e057bb860c60845f915e</hash>
        <hash alg="SHA-512">0b11fa4fb4fec1aa1c601b92a7525b6bf1cef0bea1f571a48f10accbeb6798435d191c5dd0e4b3e4d7f6ff1fd1cbd76b810446d2af54444f888e8f425803b233</hash>
        <hash alg="SHA-384">38c801a8385c3ab542106f61ae7c9d56688944c33f27e86c7aef724ee4928f6c8c26cc82b36b8b12d230dcb7168d6ca7</hash>
        <hash alg="SHA3-384">cfed520921562be2e988921f28807c426ae553d343d54b8de518e069863778afc0efcf7a92004bba4c10e4202f335925</hash>
        <hash alg="SHA3-256">2d4d5e9d2d1026f414733e3b7f385e461d2cc54eabd099609b976c9bdb9eeee7</hash>
        <hash alg="SHA3-512">04ced0e9a478bf49ddfc211b985499a31b672d1fda4deb934d83f93649b325a3c2cf7255459c88401c1c87b4ddbc38cbc253a608c4823bbfc618d807dc8b04f6</hash>
      </hashes>
      <licenses>
        <license>
          <id>LGPL-2.1-only</id>
        </license>
      </licenses>
      <purl>pkg:maven/com.github.spotbugs/spotbugs-annotations@4.8.1?type=jar</purl>
      <externalReferences>
        <reference type="website">
          <url>https://spotbugs.github.io/</url>
        </reference>
        <reference type="vcs">
          <url>https://github.com/spotbugs/spotbugs/</url>
        </reference>
      </externalReferences>
    </component>
    <component type="library" bom-ref="pkg:maven/com.google.code.findbugs/jsr305@3.0.2?type=jar">
      <group>com.google.code.findbugs</group>
      <name>jsr305</name>
      <version>3.0.2</version>
      <description>JSR305 Annotations for Findbugs</description>
      <scope>required</scope>
      <hashes>
        <hash alg="MD5">dd83accb899363c32b07d7a1b2e4ce40</hash>
        <hash alg="SHA-1">25ea2e8b0c338a877313bd4672d3fe056ea78f0d</hash>
        <hash alg="SHA-256">766ad2a0783f2687962c8ad74ceecc38a28b9f72a2d085ee438b7813e928d0c7</hash>
        <hash alg="SHA-512">bb09db62919a50fa5b55906013be6ca4fc7acb2e87455fac5eaf9ede2e41ce8bbafc0e5a385a561264ea4cd71bbbd3ef5a45e02d63277a201d06a0ae1636f804</hash>
        <hash alg="SHA-384">ca0b169d3eb2d0922dc031133a021f861a043bb3e405a88728215fd6ff00fa52fdc7347842dcc2031472e3726164bdc4</hash>
        <hash alg="SHA3-384">9903fd7505218999f8262efedb3d935d64bcef84aae781064ab5e1b24755466b269517cada562fa140cd1d417ede57a1</hash>
        <hash alg="SHA3-256">223fda9a89a461afaae73b177a2dc20ed4a90f2f8757f5c65f3241b0510f00ff</hash>
        <hash alg="SHA3-512">3996b5af57a5d5c6a0cd62b11773360fb051dd86a2ba968476806a2a5d32049b82d69a24a3c694e8fe4d735be6a28e41000cc500cc2a9fb577e058045855d2d6</hash>
      </hashes>
      <licenses>
        <license>
          <id>Apache-2.0</id>
        </license>
      </licenses>
      <purl>pkg:maven/com.google.code.findbugs/jsr305@3.0.2?type=jar</purl>
      <externalReferences>
        <reference type="website">
          <url>http://findbugs.sourceforge.net/</url>
        </reference>
        <reference type="distribution">
          <url>https://oss.sonatype.org/service/local/staging/deploy/maven2/</url>
        </reference>
        <reference type="vcs">
          <url>https://code.google.com/p/jsr-305/</url>
        </reference>
      </externalReferences>
    </component>
  </components>
  <dependencies>
    <dependency ref="pkg:maven/org.apache.logging.log4j/log4j-cassandra@2.22.0?type=jar">
      <dependency ref="pkg:maven/org.apache.logging.log4j/log4j-core@2.22.0?type=jar"/>
      <dependency ref="pkg:maven/com.datastax.cassandra/cassandra-driver-core@3.11.5?type=jar"/>
      <dependency ref="pkg:maven/biz.aQute.bnd/biz.aQute.bnd.annotation@6.4.1?type=jar"/>
      <dependency ref="pkg:maven/com.google.errorprone/error_prone_annotations@2.23.0?type=jar"/>
      <dependency ref="pkg:maven/org.osgi/osgi.annotation@8.1.0?type=jar"/>
      <dependency ref="pkg:maven/org.osgi/org.osgi.annotation.bundle@2.0.0?type=jar"/>
      <dependency ref="pkg:maven/com.github.spotbugs/spotbugs-annotations@4.8.1?type=jar"/>
    </dependency>
    <dependency ref="pkg:maven/org.apache.logging.log4j/log4j-core@2.22.0?type=jar">
      <dependency ref="pkg:maven/org.apache.logging.log4j/log4j-api@2.22.0?type=jar"/>
    </dependency>
    <dependency ref="pkg:maven/org.apache.logging.log4j/log4j-api@2.22.0?type=jar"/>
    <dependency ref="pkg:maven/com.datastax.cassandra/cassandra-driver-core@3.11.5?type=jar">
      <dependency ref="pkg:maven/io.netty/netty-handler@4.1.101.Final?type=jar"/>
      <dependency ref="pkg:maven/com.google.guava/guava@25.1-jre?type=jar"/>
      <dependency ref="pkg:maven/io.dropwizard.metrics/metrics-core@3.2.2?type=jar"/>
      <dependency ref="pkg:maven/org.slf4j/slf4j-api@2.0.9?type=jar"/>
      <dependency ref="pkg:maven/com.github.jnr/jnr-ffi@2.1.7?type=jar"/>
      <dependency ref="pkg:maven/com.github.jnr/jnr-posix@3.0.44?type=jar"/>
      <dependency ref="pkg:maven/com.fasterxml.jackson.core/jackson-databind@2.16.0?type=jar"/>
    </dependency>
    <dependency ref="pkg:maven/io.netty/netty-handler@4.1.101.Final?type=jar">
      <dependency ref="pkg:maven/io.netty/netty-common@4.1.101.Final?type=jar"/>
      <dependency ref="pkg:maven/io.netty/netty-resolver@4.1.101.Final?type=jar"/>
      <dependency ref="pkg:maven/io.netty/netty-buffer@4.1.101.Final?type=jar"/>
      <dependency ref="pkg:maven/io.netty/netty-transport@4.1.101.Final?type=jar"/>
      <dependency ref="pkg:maven/io.netty/netty-transport-native-unix-common@4.1.101.Final?type=jar"/>
      <dependency ref="pkg:maven/io.netty/netty-codec@4.1.101.Final?type=jar"/>
    </dependency>
    <dependency ref="pkg:maven/io.netty/netty-common@4.1.101.Final?type=jar"/>
    <dependency ref="pkg:maven/io.netty/netty-resolver@4.1.101.Final?type=jar">
      <dependency ref="pkg:maven/io.netty/netty-common@4.1.101.Final?type=jar"/>
    </dependency>
    <dependency ref="pkg:maven/io.netty/netty-buffer@4.1.101.Final?type=jar">
      <dependency ref="pkg:maven/io.netty/netty-common@4.1.101.Final?type=jar"/>
    </dependency>
    <dependency ref="pkg:maven/io.netty/netty-transport@4.1.101.Final?type=jar">
      <dependency ref="pkg:maven/io.netty/netty-common@4.1.101.Final?type=jar"/>
      <dependency ref="pkg:maven/io.netty/netty-buffer@4.1.101.Final?type=jar"/>
      <dependency ref="pkg:maven/io.netty/netty-resolver@4.1.101.Final?type=jar"/>
    </dependency>
    <dependency ref="pkg:maven/io.netty/netty-transport-native-unix-common@4.1.101.Final?type=jar">
      <dependency ref="pkg:maven/io.netty/netty-common@4.1.101.Final?type=jar"/>
      <dependency ref="pkg:maven/io.netty/netty-buffer@4.1.101.Final?type=jar"/>
      <dependency ref="pkg:maven/io.netty/netty-transport@4.1.101.Final?type=jar"/>
    </dependency>
    <dependency ref="pkg:maven/io.netty/netty-codec@4.1.101.Final?type=jar">
      <dependency ref="pkg:maven/io.netty/netty-common@4.1.101.Final?type=jar"/>
      <dependency ref="pkg:maven/io.netty/netty-buffer@4.1.101.Final?type=jar"/>
      <dependency ref="pkg:maven/io.netty/netty-transport@4.1.101.Final?type=jar"/>
    </dependency>
    <dependency ref="pkg:maven/com.google.guava/guava@25.1-jre?type=jar">
      <dependency ref="pkg:maven/com.google.code.findbugs/jsr305@3.0.2?type=jar"/>
      <dependency ref="pkg:maven/org.checkerframework/checker-qual@2.0.0?type=jar"/>
      <dependency ref="pkg:maven/com.google.errorprone/error_prone_annotations@2.23.0?type=jar"/>
      <dependency ref="pkg:maven/com.google.j2objc/j2objc-annotations@1.1?type=jar"/>
      <dependency ref="pkg:maven/org.codehaus.mojo/animal-sniffer-annotations@1.14?type=jar"/>
    </dependency>
    <dependency ref="pkg:maven/com.google.code.findbugs/jsr305@3.0.2?type=jar"/>
    <dependency ref="pkg:maven/org.checkerframework/checker-qual@2.0.0?type=jar"/>
    <dependency ref="pkg:maven/com.google.errorprone/error_prone_annotations@2.23.0?type=jar"/>
    <dependency ref="pkg:maven/com.google.j2objc/j2objc-annotations@1.1?type=jar"/>
    <dependency ref="pkg:maven/org.codehaus.mojo/animal-sniffer-annotations@1.14?type=jar"/>
    <dependency ref="pkg:maven/io.dropwizard.metrics/metrics-core@3.2.2?type=jar">
      <dependency ref="pkg:maven/org.slf4j/slf4j-api@2.0.9?type=jar"/>
    </dependency>
    <dependency ref="pkg:maven/org.slf4j/slf4j-api@2.0.9?type=jar"/>
    <dependency ref="pkg:maven/com.github.jnr/jnr-ffi@2.1.7?type=jar">
      <dependency ref="pkg:maven/com.github.jnr/jffi@1.2.16?type=jar"/>
      <dependency ref="pkg:maven/com.github.jnr/jffi@1.2.16?classifier=native&amp;type=jar"/>
      <dependency ref="pkg:maven/org.ow2.asm/asm@5.0.4?type=jar"/>
      <dependency ref="pkg:maven/org.ow2.asm/asm-commons@5.0.3?type=jar"/>
      <dependency ref="pkg:maven/org.ow2.asm/asm-analysis@5.0.3?type=jar"/>
      <dependency ref="pkg:maven/org.ow2.asm/asm-tree@5.0.3?type=jar"/>
      <dependency ref="pkg:maven/org.ow2.asm/asm-util@5.0.3?type=jar"/>
      <dependency ref="pkg:maven/com.github.jnr/jnr-x86asm@1.0.2?type=jar"/>
    </dependency>
    <dependency ref="pkg:maven/com.github.jnr/jffi@1.2.16?type=jar"/>
    <dependency ref="pkg:maven/com.github.jnr/jffi@1.2.16?classifier=native&amp;type=jar"/>
    <dependency ref="pkg:maven/org.ow2.asm/asm@5.0.4?type=jar"/>
    <dependency ref="pkg:maven/org.ow2.asm/asm-commons@5.0.3?type=jar">
      <dependency ref="pkg:maven/org.ow2.asm/asm-tree@5.0.3?type=jar"/>
    </dependency>
    <dependency ref="pkg:maven/org.ow2.asm/asm-tree@5.0.3?type=jar">
      <dependency ref="pkg:maven/org.ow2.asm/asm@5.0.4?type=jar"/>
    </dependency>
    <dependency ref="pkg:maven/org.ow2.asm/asm-analysis@5.0.3?type=jar">
      <dependency ref="pkg:maven/org.ow2.asm/asm-tree@5.0.3?type=jar"/>
    </dependency>
    <dependency ref="pkg:maven/org.ow2.asm/asm-util@5.0.3?type=jar">
      <dependency ref="pkg:maven/org.ow2.asm/asm-tree@5.0.3?type=jar"/>
    </dependency>
    <dependency ref="pkg:maven/com.github.jnr/jnr-x86asm@1.0.2?type=jar"/>
    <dependency ref="pkg:maven/com.github.jnr/jnr-posix@3.0.44?type=jar">
      <dependency ref="pkg:maven/com.github.jnr/jnr-ffi@2.1.7?type=jar"/>
      <dependency ref="pkg:maven/com.github.jnr/jnr-constants@0.9.9?type=jar"/>
    </dependency>
    <dependency ref="pkg:maven/com.github.jnr/jnr-constants@0.9.9?type=jar"/>
    <dependency ref="pkg:maven/com.fasterxml.jackson.core/jackson-databind@2.16.0?type=jar">
      <dependency ref="pkg:maven/com.fasterxml.jackson.core/jackson-annotations@2.16.0?type=jar"/>
      <dependency ref="pkg:maven/com.fasterxml.jackson.core/jackson-core@2.16.0?type=jar"/>
    </dependency>
    <dependency ref="pkg:maven/com.fasterxml.jackson.core/jackson-annotations@2.16.0?type=jar"/>
    <dependency ref="pkg:maven/com.fasterxml.jackson.core/jackson-core@2.16.0?type=jar"/>
    <dependency ref="pkg:maven/biz.aQute.bnd/biz.aQute.bnd.annotation@6.4.1?type=jar">
      <dependency ref="pkg:maven/org.osgi/org.osgi.resource@1.0.0?type=jar"/>
      <dependency ref="pkg:maven/org.osgi/org.osgi.service.serviceloader@1.0.0?type=jar"/>
    </dependency>
    <dependency ref="pkg:maven/org.osgi/org.osgi.resource@1.0.0?type=jar"/>
    <dependency ref="pkg:maven/org.osgi/org.osgi.service.serviceloader@1.0.0?type=jar"/>
    <dependency ref="pkg:maven/org.osgi/osgi.annotation@8.1.0?type=jar"/>
    <dependency ref="pkg:maven/org.osgi/org.osgi.annotation.bundle@2.0.0?type=jar">
      <dependency ref="pkg:maven/org.osgi/org.osgi.annotation.versioning@1.1.2?type=jar"/>
    </dependency>
    <dependency ref="pkg:maven/org.osgi/org.osgi.annotation.versioning@1.1.2?type=jar"/>
    <dependency ref="pkg:maven/com.github.spotbugs/spotbugs-annotations@4.8.1?type=jar">
      <dependency ref="pkg:maven/com.google.code.findbugs/jsr305@3.0.2?type=jar"/>
    </dependency>
  </dependencies>
</bom>
