<?xml version="1.0" encoding="UTF-8"?>
<bom xmlns="http://cyclonedx.org/schema/bom/1.5" version="1" serialNumber="urn:uuid:3ed0add3-ce75-3b62-9f8c-b57b5c8a8e79">
  <metadata>
    <tools>
      <tool>
        <vendor>OWASP Foundation</vendor>
        <name>CycloneDX Maven plugin</name>
        <version>2.7.10</version>
        <hashes>
          <hash alg="MD5">1cc7f6a0382f8bb2f758d6a6ea401d1b</hash>
          <hash alg="SHA-1">a4297947a1f2d7d453105db542651614bbd37f38</hash>
          <hash alg="SHA-256">bd0fdd8f2f2116eee5e715aeac1580f19eb7a10ec2b6f805b53567067658e872</hash>
          <hash alg="SHA-512">9cde8352a427e10b96cae01348fc7cfe5d4aa9cd0a5e5dd93b414ce3bb7d112993c3b3004e53af52567fbfa16de0704ec59a5556a635ad70571fd124ae389f39</hash>
          <hash alg="SHA-384">93d7bf5b5c735347edfbfbd66810273ca840f9a322b816d22d44c3d8e8255c09e86570bb23712aeb0cade0f478be5aeb</hash>
          <hash alg="SHA3-384">4467f16e9ca32190a6e49c65339eb28ee5e8c78f4e918fcf95128a4b7648898de56ccb43eacfad0c9391ef8cdb7d629a</hash>
          <hash alg="SHA3-256">ed2996c99b483e969221d5e9a40f562ea2ab85442d361d72a90e85266a3ed781</hash>
          <hash alg="SHA3-512">c8e6ea9ddc38edc77e284b3bf541663e84752bdc59ed1935799847a48a14ea2fa531b61008fefcba37d732a56702a11ac112437b9b80d18f4ecc8ef0ecfb32cf</hash>
        </hashes>
      </tool>
    </tools>
    <component type="library" bom-ref="pkg:maven/org.apache.logging.log4j/log4j-spring-boot@2.22.0?type=jar">
      <publisher>The Apache Software Foundation</publisher>
      <group>org.apache.logging.log4j</group>
      <name>log4j-spring-boot</name>
      <version>2.22.0</version>
      <description>Apache Log4j Spring Boot Support</description>
      <licenses>
        <license>
          <id>Apache-2.0</id>
          <url>https://www.apache.org/licenses/LICENSE-2.0</url>
        </license>
      </licenses>
      <purl>pkg:maven/org.apache.logging.log4j/log4j-spring-boot@2.22.0?type=jar</purl>
      <externalReferences>
        <reference type="website">
          <url>https://logging.apache.org/log4j/2.x/</url>
        </reference>
        <reference type="build-system">
          <url>https://github.com/apache/logging-log4j2/actions</url>
        </reference>
        <reference type="distribution">
          <url>https://logging.apache.org/log4j/2.x/download.html</url>
        </reference>
        <reference type="issue-tracker">
          <url>https://github.com/apache/logging-log4j2/issues</url>
        </reference>
        <reference type="mailing-list">
          <url>https://lists.apache.org/list.html?log4j-user@logging.apache.org</url>
        </reference>
        <reference type="vcs">
          <url>https://github.com/apache/logging-log4j2</url>
        </reference>
        <reference type="vulnerability-assertion">
          <url>https://logging.apache.org/cyclonedx/vdr.xml</url>
        </reference>
      </externalReferences>
    </component>
    <properties>
      <property name="maven.goal">makeBom</property>
      <property name="maven.scopes">compile,provided,runtime,system</property>
      <property name="cdx:reproducible">enabled</property>
    </properties>
  </metadata>
  <components>
    <component type="library" bom-ref="pkg:maven/org.apache.logging.log4j/log4j-api@2.22.0?type=jar">
      <publisher>The Apache Software Foundation</publisher>
      <group>org.apache.logging.log4j</group>
      <name>log4j-api</name>
      <version>2.22.0</version>
      <description>The Apache Log4j API</description>
      <scope>required</scope>
      <hashes>
        <hash alg="MD5">5d753db833495ddaedd74f3d45091bab</hash>
        <hash alg="SHA-1">2c7d82708efd430e722562be1993defd9fb2426b</hash>
        <hash alg="SHA-256">1342c86c2a0848fc2f3d16b8544849f29fa31bf7af79f6066c2677ba29e47cf3</hash>
        <hash alg="SHA-512">9c71daa0e64da97eae60372eb70fe90378199528105cad1b35f517b8ddcf2cd935eb0567b1d208b78805daa01cc084cce2adba25c24e2513795d2f5da0e706bc</hash>
        <hash alg="SHA-384">310399442f174f7873290d1945bc8458c0d1e6695de655e49e410c9c4e73e7b07d5d31e9a6b6fdf84ff43dc0e5793666</hash>
        <hash alg="SHA3-384">a40cee814b109e7a94e3843662caa054d922e52e56c388585fc8c02f562aa07e2d20135c202e139c23980cd51a37699a</hash>
        <hash alg="SHA3-256">34af2387279760e5bce30cc58aaf64b3ec9ef600cec1bcda8c205734f20d7e48</hash>
        <hash alg="SHA3-512">0ed4bede6f64c9b708d8d77aebe542dd25a6a48c230b278489d9380f462fe08e6bc9133d5f1386b910012f65608e2297840b9ea710fc2611ccac96d517f69967</hash>
      </hashes>
      <licenses>
        <license>
          <id>Apache-2.0</id>
          <url>https://www.apache.org/licenses/LICENSE-2.0</url>
        </license>
      </licenses>
      <purl>pkg:maven/org.apache.logging.log4j/log4j-api@2.22.0?type=jar</purl>
      <externalReferences>
        <reference type="website">
          <url>https://logging.apache.org/log4j/2.x/log4j/log4j-api/</url>
        </reference>
        <reference type="build-system">
          <url>https://github.com/apache/logging-log4j2/actions</url>
        </reference>
        <reference type="distribution">
          <url>https://logging.apache.org/logging-parent/latest/#distribution</url>
        </reference>
        <reference type="issue-tracker">
          <url>https://github.com/apache/logging-log4j2/issues</url>
        </reference>
        <reference type="mailing-list">
          <url>https://lists.apache.org/list.html?log4j-user@logging.apache.org</url>
        </reference>
        <reference type="vcs">
          <url>https://github.com/apache/logging-log4j2</url>
        </reference>
        <reference type="vulnerability-assertion">
          <url>https://logging.apache.org/cyclonedx/vdr.xml</url>
        </reference>
      </externalReferences>
    </component>
    <component type="library" bom-ref="pkg:maven/org.apache.logging.log4j/log4j-core@2.22.0?type=jar">
      <publisher>The Apache Software Foundation</publisher>
      <group>org.apache.logging.log4j</group>
      <name>log4j-core</name>
      <version>2.22.0</version>
      <description>The Apache Log4j Implementation</description>
      <scope>required</scope>
      <hashes>
        <hash alg="MD5">ef7091a2e9542aa950cb5b01ed4eaff0</hash>
        <hash alg="SHA-1">bf2fd48bc237e99fd4f1c2e82db3b10ffb8c1f47</hash>
        <hash alg="SHA-256">aacb1b935c0070f644060c1fbc9b555f344cbfe8d0ef1234b464eb58bd7b8ad2</hash>
        <hash alg="SHA-512">004d4812c73f5e8572868fdbb217dc0c0991562638822fd08f74f9d45512e6bda612589ed89bcb9208c486ed2c8ba954ebdc59f720dc51928415f1c65edf4d69</hash>
        <hash alg="SHA-384">d4fb491f8c8c1d49348ec7c5d6426f588eb5c11f6c744e29790f1f15aba7063d39493bfe912e7217388f39295f180ef4</hash>
        <hash alg="SHA3-384">29618aacfdebf35458009dbbcdead6f0467202e2148653f91babc43a74b1b36154dca4911576068149aa631b531d229c</hash>
        <hash alg="SHA3-256">df6b4ff481a46c6e12e0f7315e7c14f54969c2aa4f0563bb46166181975cee1f</hash>
        <hash alg="SHA3-512">23b1820b6ad09ae1cb9f9e1e4abd0a0bab2e4a30a33fcaa35828c720878fc529103f5aacfa584bc1fc61e036e36756afe19e7eb9aacc1843ed8e4c4e33c621a9</hash>
      </hashes>
      <licenses>
        <license>
          <id>Apache-2.0</id>
          <url>https://www.apache.org/licenses/LICENSE-2.0</url>
        </license>
      </licenses>
      <purl>pkg:maven/org.apache.logging.log4j/log4j-core@2.22.0?type=jar</purl>
      <externalReferences>
        <reference type="website">
          <url>https://logging.apache.org/log4j/2.x/log4j/log4j-core/</url>
        </reference>
        <reference type="build-system">
          <url>https://github.com/apache/logging-log4j2/actions</url>
        </reference>
        <reference type="distribution">
          <url>https://logging.apache.org/logging-parent/latest/#distribution</url>
        </reference>
        <reference type="issue-tracker">
          <url>https://github.com/apache/logging-log4j2/issues</url>
        </reference>
        <reference type="mailing-list">
          <url>https://lists.apache.org/list.html?log4j-user@logging.apache.org</url>
        </reference>
        <reference type="vcs">
          <url>https://github.com/apache/logging-log4j2</url>
        </reference>
        <reference type="vulnerability-assertion">
          <url>https://logging.apache.org/cyclonedx/vdr.xml</url>
        </reference>
      </externalReferences>
    </component>
    <component type="library" bom-ref="pkg:maven/org.springframework.boot/spring-boot@2.7.17?type=jar">
      <publisher>VMware, Inc.</publisher>
      <group>org.springframework.boot</group>
      <name>spring-boot</name>
      <version>2.7.17</version>
      <description>Spring Boot</description>
      <scope>required</scope>
      <hashes>
        <hash alg="MD5">191ae136bf3b2a4d087c46c20c526099</hash>
        <hash alg="SHA-1">b686330883c83d4cdd684b4b0e382870ed1594f0</hash>
        <hash alg="SHA-256">4673a59c79e5f9f7d2c621574eaf9d9f95c90315310d72aed169d958a924e296</hash>
        <hash alg="SHA-512">4626fdf6854c44b2e99e0a6904c72f593f72f05b2b876423193d06cde24c18f6ac3f7d2c71ac58fac0d21f0d78bee12415d3a872a5527048eefe410559a701f8</hash>
        <hash alg="SHA-384">fcdaf1ca8d4f9af8c7a75f08d761f2c1138c876ef367ec42c9a84651a580d30a5f8bcb57bfb04f0886a5b4d1bc94968f</hash>
        <hash alg="SHA3-384">3a7da6dbaec5fa3b076de989f654f162f1e730b76702730f810348ce540539ece8046646b784c40523ac13d488adcd62</hash>
        <hash alg="SHA3-256">9329dc52d32adc356ef2eb7f3cd424f11ece98a6540c5a31a8feae58af011701</hash>
        <hash alg="SHA3-512">545fded7394d9e46e14f6fbbb39a2c88b402871c24014c3d7403712368839f9615cae774ec4d9456172aa68841853d8d36e332de4eae53bd927aa8dc33a01119</hash>
      </hashes>
      <licenses>
        <license>
          <id>Apache-2.0</id>
        </license>
      </licenses>
      <purl>pkg:maven/org.springframework.boot/spring-boot@2.7.17?type=jar</purl>
      <externalReferences>
        <reference type="website">
          <url>https://spring.io/projects/spring-boot</url>
        </reference>
        <reference type="issue-tracker">
          <url>https://github.com/spring-projects/spring-boot/issues</url>
        </reference>
        <reference type="vcs">
          <url>https://github.com/spring-projects/spring-boot</url>
        </reference>
      </externalReferences>
    </component>
    <component type="library" bom-ref="pkg:maven/org.springframework/spring-core@5.3.31?type=jar">
      <publisher>Spring IO</publisher>
      <group>org.springframework</group>
      <name>spring-core</name>
      <version>5.3.31</version>
      <description>Spring Core</description>
      <scope>required</scope>
      <hashes>
        <hash alg="MD5">a9ef5a29eaa89fe909a0c4ed870d90a1</hash>
        <hash alg="SHA-1">368e76f732a3c331b970f69cafec1525d27b34d3</hash>
        <hash alg="SHA-256">7013ed3da15a8d4be797f5c310f9aa1b196b97f2313bc41e60ef3f5627224fe9</hash>
        <hash alg="SHA-512">8a399d7cb1f81a75be9c0345fb985015d3f8ee81e50236556f03a60cb19e875af860dbf171eb7f53d25c4529c865f89d0a67be69ae7897e7db51cbc846a1c64f</hash>
        <hash alg="SHA-384">0ff2be03279fe13ba8331fec50be0fbe240ca5840bb6b69846bee48db1d1ef768931d3887e3cff7386a348a89777a506</hash>
        <hash alg="SHA3-384">7e936bc8385ec6ceac9c7d924839186d657f9fb088a23cf07a481d54fe457e9aeb55ce8439905ee01e2ac86aeedf9dfa</hash>
        <hash alg="SHA3-256">05d2e84d54fe3e00e236eae6a007e53da8d098933f16afdc40977259a6a88b60</hash>
        <hash alg="SHA3-512">5b6e3da24b79434cf6b86132174cf8d9cf668f4ce4830b1bf9bc3cca3bb90a70d79491fd01f30a8a05d878ef2de21bc133bb4e16227ad589055a011814b54d41</hash>
      </hashes>
      <licenses>
        <license>
          <id>Apache-2.0</id>
        </license>
      </licenses>
      <purl>pkg:maven/org.springframework/spring-core@5.3.31?type=jar</purl>
      <externalReferences>
        <reference type="website">
          <url>https://github.com/spring-projects/spring-framework</url>
        </reference>
        <reference type="issue-tracker">
          <url>https://github.com/spring-projects/spring-framework/issues</url>
        </reference>
        <reference type="vcs">
          <url>https://github.com/spring-projects/spring-framework</url>
        </reference>
      </externalReferences>
    </component>
    <component type="library" bom-ref="pkg:maven/org.springframework/spring-context@5.3.31?type=jar">
      <publisher>Spring IO</publisher>
      <group>org.springframework</group>
      <name>spring-context</name>
      <version>5.3.31</version>
      <description>Spring Context</description>
      <scope>required</scope>
      <hashes>
        <hash alg="MD5">6aa19e7e6a87b4ac8b649057315b1dd1</hash>
        <hash alg="SHA-1">a2d6e76507f037ad835e8c2288dfedf28981999f</hash>
        <hash alg="SHA-256">38def055d1e22b5514b1cb19cef4474e5c1b0d2127c483e7d014bde87c4a4cf3</hash>
        <hash alg="SHA-512">d2889da304c12d0038fccd2346032239d8cad2da62c0aeff6c276b59b7faf26876ea26b99faa758155be774b89d7ad0ce84d5cea1d8029904f211b0743f6f9d4</hash>
        <hash alg="SHA-384">27e84222c4b290caca7b268c9c53d98418dac2f2cecf88f3ac46580be35947c124ba7b8590776abae2553596a6ea8835</hash>
        <hash alg="SHA3-384">3aa1fc71fd1b2873c0d2e47b2eea70898922191b13d88c9d3d9732476145a97aa0de241350fbad56cd745511c76e47e7</hash>
        <hash alg="SHA3-256">56b935175ea9095ad2d6c8c9104d5fac5402944b608d3c52c505fe9ba199a8cf</hash>
        <hash alg="SHA3-512">164e95c39335b1cefb4632144855d87fb6ae241d0a36bc3e96067d9b12237a8cb48d1d19f39e4a638f8ef40008e0becf78b14b71eacd5ec2fc81ceb3cb406357</hash>
      </hashes>
      <licenses>
        <license>
          <id>Apache-2.0</id>
        </license>
      </licenses>
      <purl>pkg:maven/org.springframework/spring-context@5.3.31?type=jar</purl>
      <externalReferences>
        <reference type="website">
          <url>https://github.com/spring-projects/spring-framework</url>
        </reference>
        <reference type="issue-tracker">
          <url>https://github.com/spring-projects/spring-framework/issues</url>
        </reference>
        <reference type="vcs">
          <url>https://github.com/spring-projects/spring-framework</url>
        </reference>
      </externalReferences>
    </component>
    <component type="library" bom-ref="pkg:maven/org.springframework/spring-aop@5.3.31?type=jar">
      <publisher>Spring IO</publisher>
      <group>org.springframework</group>
      <name>spring-aop</name>
      <version>5.3.31</version>
      <description>Spring AOP</description>
      <scope>required</scope>
      <hashes>
        <hash alg="MD5">48143a3242d23f66736e34cf1b5ad632</hash>
        <hash alg="SHA-1">3be929dbdb5f4516919ad09a3d3720d779bb65d9</hash>
        <hash alg="SHA-256">3f0c666f317abaa845fc3a24fba219b1f469716bf309cccd755eecb8fee20430</hash>
        <hash alg="SHA-512">3438d98062fc45169fb64e09be5881d2c9092b16d7b7cf6e33fd2b5e64df7399f1b33379f30c2e3fb188bbd52e6828799b8e4c5f34b991219caa2e3c9145e6d7</hash>
        <hash alg="SHA-384">dfc8eac775d43d49f5b73e69608b693b381512f16ecff7094328259a90a384b86b41e373a5a54dc2a5eb08a3e478c2bc</hash>
        <hash alg="SHA3-384">ebca9ea6a195a896b96cf6c663b40efa5e3b69dd12e69c498244e90770ef7fd394a3c4c12267131cbfb1f63de78dc80a</hash>
        <hash alg="SHA3-256">dfe17b1e669e0c0ba4f5e06771cd043cce93fc0e03f58d5d541948c8d0cb6d10</hash>
        <hash alg="SHA3-512">5f4a50bc30d212aa667941dd657b62699f55353409fa498c2741b5ff536f0487aa360f145a55fd35fcb0eedd170d160dbf41462488b7b207e2f8c720f5e94942</hash>
      </hashes>
      <licenses>
        <license>
          <id>Apache-2.0</id>
        </license>
      </licenses>
      <purl>pkg:maven/org.springframework/spring-aop@5.3.31?type=jar</purl>
      <externalReferences>
        <reference type="website">
          <url>https://github.com/spring-projects/spring-framework</url>
        </reference>
        <reference type="issue-tracker">
          <url>https://github.com/spring-projects/spring-framework/issues</url>
        </reference>
        <reference type="vcs">
          <url>https://github.com/spring-projects/spring-framework</url>
        </reference>
      </externalReferences>
    </component>
    <component type="library" bom-ref="pkg:maven/org.springframework/spring-beans@5.3.31?type=jar">
      <publisher>Spring IO</publisher>
      <group>org.springframework</group>
      <name>spring-beans</name>
      <version>5.3.31</version>
      <description>Spring Beans</description>
      <scope>required</scope>
      <hashes>
        <hash alg="MD5">b5fe5c018f96edf76b7e92b34668fa44</hash>
        <hash alg="SHA-1">d27258849071b3b268ecc388eca35bbfcc586448</hash>
        <hash alg="SHA-256">a8d6d99003d0a28049cba4273afbcfc64e1107ee3c33f67935853e9711544aa7</hash>
        <hash alg="SHA-512">8b8937bbe814554a62cc6a1b8cd351535db8cf94f88b03971531083a85f762f340377be23ef2c236c4f0782d79f7545678440862ffbf6b7ef6ce3194907e7f64</hash>
        <hash alg="SHA-384">bedfdbf2cc68ada50d72b24e2efd69fc1ae2076f06b9f90ff5fd2c7db38659546ceff154ebc7df3d6160e21390aa4f5a</hash>
        <hash alg="SHA3-384">8f7c9e9e50c56fef3a2710e8bb02edebef0aabf17f511a971d29f495fa4edbe0e714f754d26171ddbb463ae1258cf34e</hash>
        <hash alg="SHA3-256">db975c7051ee81414cf31d261d90117dc3b3dbb84abaa133bf5e8dc12cc7934f</hash>
        <hash alg="SHA3-512">b1df19399c39324d1cd71549047df0b868cfb45a551b29641af28e7d250a000b0f0a60a024a6c35c331177531e0ceada02167f19acbf37e6232c5032e33ef982</hash>
      </hashes>
      <licenses>
        <license>
          <id>Apache-2.0</id>
        </license>
      </licenses>
      <purl>pkg:maven/org.springframework/spring-beans@5.3.31?type=jar</purl>
      <externalReferences>
        <reference type="website">
          <url>https://github.com/spring-projects/spring-framework</url>
        </reference>
        <reference type="issue-tracker">
          <url>https://github.com/spring-projects/spring-framework/issues</url>
        </reference>
        <reference type="vcs">
          <url>https://github.com/spring-projects/spring-framework</url>
        </reference>
      </externalReferences>
    </component>
    <component type="library" bom-ref="pkg:maven/org.springframework/spring-expression@5.3.31?type=jar">
      <publisher>Spring IO</publisher>
      <group>org.springframework</group>
      <name>spring-expression</name>
      <version>5.3.31</version>
      <description>Spring Expression Language (SpEL)</description>
      <scope>required</scope>
      <hashes>
        <hash alg="MD5">9e309bb1a738acbd0ac9c9fc58931fd3</hash>
        <hash alg="SHA-1">55637af1b186d1008890980c2876c5fc83599756</hash>
        <hash alg="SHA-256">e027f122b8a4e3030339068220bed02d1c9d397eb5897f1e33ba2f63b22591ac</hash>
        <hash alg="SHA-512">693d48b9ba2c0b0144a9d5f41ae90e98abc184216df27ed5729b5e2ebfeb2c36354e439aeb1c8827145a8f12476e6e5d518a71f2891e80d04e384f15453e8f4c</hash>
        <hash alg="SHA-384">0b9f1c55d8e704132352883d08e8854eab2a46452276232122fbf93e67f7568999b44c293c77f447bf9e6700ba28f580</hash>
        <hash alg="SHA3-384">06cfadce42b2c76cfae447477a8d55c553da9ec0697ec899f3fc529db1f283dd2f8ffa9a227c73c5005ed40f5e2f427e</hash>
        <hash alg="SHA3-256">047e1c955a16f5fcd271cc2edecb3eac5a90bd8145e6c65111eb0c1b72078a4f</hash>
        <hash alg="SHA3-512">df7e4a4619585e665fd8a3dc9a8f4134a2820a1650158c86f239e844ddc122fdddfcb05423d25221f14bf7530b64d9bd42dc9a2f43855fc60b31397e08200e77</hash>
      </hashes>
      <licenses>
        <license>
          <id>Apache-2.0</id>
        </license>
      </licenses>
      <purl>pkg:maven/org.springframework/spring-expression@5.3.31?type=jar</purl>
      <externalReferences>
        <reference type="website">
          <url>https://github.com/spring-projects/spring-framework</url>
        </reference>
        <reference type="issue-tracker">
          <url>https://github.com/spring-projects/spring-framework/issues</url>
        </reference>
        <reference type="vcs">
          <url>https://github.com/spring-projects/spring-framework</url>
        </reference>
      </externalReferences>
    </component>
    <component type="library" bom-ref="pkg:maven/biz.aQute.bnd/biz.aQute.bnd.annotation@6.4.1?type=jar">
      <publisher>Bndtools</publisher>
      <group>biz.aQute.bnd</group>
      <name>biz.aQute.bnd.annotation</name>
      <version>6.4.1</version>
      <description>bnd Annotations Library</description>
      <scope>required</scope>
      <hashes>
        <hash alg="MD5">8886f01b0c82247a946462822b8f0cd3</hash>
        <hash alg="SHA-1">381d53a2e2f48c2623e04990f4a2b06b6885cab1</hash>
        <hash alg="SHA-256">257c6311821695cc7464460ebe14fa164e911b26bd3a7e885dd2f6b54e52dd9c</hash>
        <hash alg="SHA-512">fd846f48289d5df2e7cab028dc9ee1cb4e3c34fe12717b9bcbd1a76e0347291cfe16b85d3371760861a3b3cd565294103e93d4933f8287bc9994842af58c0bf0</hash>
        <hash alg="SHA-384">933cfe88bd7a91bffde3faf8e829f6c2ff20a3d6b96d2adb1353cb6686285ae21ee41f469a3a590ddb8aca280f93e1e0</hash>
        <hash alg="SHA3-384">985e9cc627e13cb9214c5a83c7e82ecdfad01f94a513e7df94711ec2d286c40bb8d8b97e1faec0db05d597e39b0d853b</hash>
        <hash alg="SHA3-256">e1980a84894686db59a84510a39bdf514ff854b6dc86c34beeb0dadbc5f90bc4</hash>
        <hash alg="SHA3-512">910cfe0c0c4265b3c01e0c26ecd8c036241a9d5382bed00d04c538a85203739acf759ffb766e2384c407943e806258721d499122cdc0b6e73838e60fa2a8e616</hash>
      </hashes>
      <licenses>
        <license>
          <name>(Apache-2.0 OR EPL-2.0)</name>
          <url>https://opensource.org/licenses/Apache-2.0,https://opensource.org/licenses/EPL-2.0</url>
        </license>
      </licenses>
      <purl>pkg:maven/biz.aQute.bnd/biz.aQute.bnd.annotation@6.4.1?type=jar</purl>
      <externalReferences>
        <reference type="website">
          <url>https://bnd.bndtools.org/</url>
        </reference>
        <reference type="vcs">
          <url>https://github.com/bndtools/bnd</url>
        </reference>
      </externalReferences>
    </component>
    <component type="library" bom-ref="pkg:maven/org.osgi/org.osgi.resource@1.0.0?type=jar">
      <publisher>OSGi Alliance</publisher>
      <group>org.osgi</group>
      <name>org.osgi.resource</name>
      <version>1.0.0</version>
      <description>OSGi Companion Code for org.osgi.resource Version 1.0.0.</description>
      <scope>required</scope>
      <hashes>
        <hash alg="MD5">7d857a4203e2996fab0cf070133e43df</hash>
        <hash alg="SHA-1">343c88949132984b3f2d4175a72c40b77dc65619</hash>
        <hash alg="SHA-256">81fc50f1f1d38a4af28e131907d4afe213249aab05060484edca0e60c4af9b4a</hash>
        <hash alg="SHA-512">4e798790856f83f50832db80bfab64dfceeff1c509d7dde43e74a9f9192ea7a7d5ea77b9b1e81291fa6ba3dcef5ab8fa791ca8093a72a08d7ca6f6499e13e506</hash>
        <hash alg="SHA-384">73038c395166552b64b6b5469bd8056584f48d19b5762df2e8bd2770405ed8f6071e397a87d9a7ed39f8c2e0e8ab85b2</hash>
        <hash alg="SHA3-384">e06c8a460b3bf06d6cb22237aeffa6afd2eadd9461096c67b768a14603ad8aaa88f891d03cf0a273a99d86906c1c8eb3</hash>
        <hash alg="SHA3-256">1097cfd20e80ce368fd828a23ad7c32a202cebd92106f6ebb88ba55ca74349ee</hash>
        <hash alg="SHA3-512">d7b710e1e0484badb875f326c602c90df6705df48b0f057320919a5255d3ecbddd7053eabc68787480a70aebd7e553e9f51728112e1fa0846c849366b7e8d69b</hash>
      </hashes>
      <licenses>
        <license>
          <id>Apache-2.0</id>
        </license>
      </licenses>
      <purl>pkg:maven/org.osgi/org.osgi.resource@1.0.0?type=jar</purl>
      <externalReferences>
        <reference type="website">
          <url>http://www.osgi.org/</url>
        </reference>
        <reference type="vcs">
          <url>https://osgi.org/git/build.git</url>
        </reference>
      </externalReferences>
    </component>
    <component type="library" bom-ref="pkg:maven/org.osgi/org.osgi.service.serviceloader@1.0.0?type=jar">
      <publisher>OSGi Alliance</publisher>
      <group>org.osgi</group>
      <name>org.osgi.service.serviceloader</name>
      <version>1.0.0</version>
      <description>OSGi Companion Code for org.osgi.service.serviceloader Version 1.0.0.</description>
      <scope>required</scope>
      <hashes>
        <hash alg="MD5">4943f0102a6d893c4dd77f369a5f0537</hash>
        <hash alg="SHA-1">3728ff37909c6a3c1870b3e851342d9f2bd3cc63</hash>
        <hash alg="SHA-256">8f876ce2a9aa4e95b1f1952950255103e2487425050a654f3285447ba601c154</hash>
        <hash alg="SHA-512">a7def4cb7a8ed992645faa80a780e0b30bd39c1587b5bcb65fe170d10842d0d880c2849edd50c64807fe0e4b9cc0051337d1b161d0d390465d9e63a762861c49</hash>
        <hash alg="SHA-384">1e480694b8a541da4cd1e044d3f3ea3cd55152515ac022b80d865b6654242506c2138daabb4e71c30d36b12b9aaf676d</hash>
        <hash alg="SHA3-384">7f076af200ae9c2bd9f235b949aee01a1a758c8aac10fee8b98ec2497197d2029117d5627eb0eabd9b42979eb1baa009</hash>
        <hash alg="SHA3-256">83b1dce69c4c899176eb6e368e434ecb77dfed7c436530b8c5d08b9b6f2430aa</hash>
        <hash alg="SHA3-512">5debde53a7ead231dcd907467d59728f59cae4eb3b967c19808f78890bd97d2f04657cad9c093e88f9818338b0b3b38a57c66400ebcff61fbb26d18e9f7bf8ed</hash>
      </hashes>
      <licenses>
        <license>
          <id>Apache-2.0</id>
        </license>
      </licenses>
      <purl>pkg:maven/org.osgi/org.osgi.service.serviceloader@1.0.0?type=jar</purl>
      <externalReferences>
        <reference type="website">
          <url>http://www.osgi.org/</url>
        </reference>
        <reference type="vcs">
          <url>https://osgi.org/git/build.git</url>
        </reference>
      </externalReferences>
    </component>
    <component type="library" bom-ref="pkg:maven/com.google.errorprone/error_prone_annotations@2.23.0?type=jar">
      <publisher>Google LLC</publisher>
      <group>com.google.errorprone</group>
      <name>error_prone_annotations</name>
      <version>2.23.0</version>
      <description>Error Prone is a static analysis tool for Java that catches common programming mistakes at compile-time.</description>
      <scope>required</scope>
      <hashes>
        <hash alg="MD5">b3ea764beb68c9b44cf57c1b5a5608b2</hash>
        <hash alg="SHA-1">43a27853b6c7d54893e0b1997c2c778c347179eb</hash>
        <hash alg="SHA-256">ec6f39f068b6ff9ac323c68e28b9299f8c0a80ca512dccb1d4a70f40ac3ec054</hash>
        <hash alg="SHA-512">a71637e21cdd4f236494af2fabe6ddcf3173c53627b9157913195e9f5b4a6b1d000122d7eb10229059f50deb8115d91fd25d2f12a3887936a19238477c623bc7</hash>
        <hash alg="SHA-384">1301f6229ac0c890bcf1356ef255d97dcebcf6a35f45f3321d7b13b164a4d89a96459fea25c5b0d280d86388eb05cbfb</hash>
        <hash alg="SHA3-384">31b07b9d8541da42debf6dd119254d1e480c05549ee7ecf4295adc2553130ec5220ae9e5e0da74a55f75044bd2a794b6</hash>
        <hash alg="SHA3-256">0c3566a22f558ba7bbbcab6b00bef402032f55cb299b949aa947b08db528bd58</hash>
        <hash alg="SHA3-512">50d8990e8ffcd78e62899cde5790fbde4bdd3e362494d5261aff80bcefc3224c2c1df58bd9d4cda32a893dd8d94c8b0f65e24fda0e6a42d7176c2aed56e50358</hash>
      </hashes>
      <licenses>
        <license>
          <id>Apache-2.0</id>
        </license>
      </licenses>
      <purl>pkg:maven/com.google.errorprone/error_prone_annotations@2.23.0?type=jar</purl>
      <externalReferences>
        <reference type="website">
          <url>https://errorprone.info/error_prone_annotations</url>
        </reference>
        <reference type="vcs">
          <url>https://github.com/google/error-prone/error_prone_annotations</url>
        </reference>
      </externalReferences>
    </component>
    <component type="library" bom-ref="pkg:maven/org.osgi/osgi.annotation@8.1.0?type=jar">
      <publisher>Eclipse Foundation</publisher>
      <group>org.osgi</group>
      <name>osgi.annotation</name>
      <version>8.1.0</version>
      <description>OSGi Annotation Release 8, Annotations for use in compiling bundles</description>
      <scope>required</scope>
      <hashes>
        <hash alg="MD5">3bcfab9c55a2bcc158aa4953084021b6</hash>
        <hash alg="SHA-1">59d42736bcc0af2144ba5c1a12ff7c08ea4b7e12</hash>
        <hash alg="SHA-256">68afeb86a5322675d4dfe3df5863c7d8a37b34c18e3a8e41553f1ab3ac15d78f</hash>
        <hash alg="SHA-512">a190fa888fd22c2c31455d672b3e50ca79fa9f02269b9d45f6e6fc189dc8f90d20663e290f151a851e010b52ce87e62dc5079253c3e59caa72f11ea6248ffb26</hash>
        <hash alg="SHA-384">581c88a48fc7df5edae29712f943ef780fb0f32b4eee10dfcaa879f122f19fd1645b961b38bc0a97dd894d89952fdb68</hash>
        <hash alg="SHA3-384">ab4fab76440671def19eb0ca3370d8f0f8a915df4ec92e5aa2b9e12a4b97aa49301c51ccd28a2d2718beec6fe8105bc6</hash>
        <hash alg="SHA3-256">6849ce4a9cad5dbf2dce1ad817442821a633f8ae10ab1ccde69ac46d26127a46</hash>
        <hash alg="SHA3-512">3c3ce68b5ae1ea157f78d72a210cc152375fd8819a7c85ed5c718fbe387ffb522715e1b0dfa5094caed1e8bbe4b8fcc6d2aadd1cd3851f4c0fffebda5acaebba</hash>
      </hashes>
      <licenses>
        <license>
          <id>Apache-2.0</id>
          <url>https://www.apache.org/licenses/LICENSE-2.0</url>
        </license>
      </licenses>
      <purl>pkg:maven/org.osgi/osgi.annotation@8.1.0?type=jar</purl>
      <externalReferences>
        <reference type="website">
          <url>https://docs.osgi.org/</url>
        </reference>
        <reference type="vcs">
          <url>https://github.com/osgi/osgi</url>
        </reference>
      </externalReferences>
    </component>
    <component type="library" bom-ref="pkg:maven/org.osgi/org.osgi.annotation.bundle@2.0.0?type=jar">
      <publisher>Eclipse Foundation</publisher>
      <group>org.osgi</group>
      <name>org.osgi.annotation.bundle</name>
      <version>2.0.0</version>
      <description>OSGi Companion Code for org.osgi.annotation.bundle Version 2.0.0</description>
      <scope>required</scope>
      <hashes>
        <hash alg="MD5">19115314a0ce4cfb711a811dcc0be0a3</hash>
        <hash alg="SHA-1">f5c2cd6e670c3c5d440d3003efd5ef2ead5c68eb</hash>
        <hash alg="SHA-256">b9c9546ec5be3ebc2e85ba4919150ad76d64594805282fc895133a47d264a7ae</hash>
        <hash alg="SHA-512">f16b8983240ba3c08d6bc78e2eae92e89eb528f32a705961d90b463def0a5ed1ba08cc3d0be38b5dcfb946c6f759df772e122fb769e58e8c20aa79a489a1fd21</hash>
        <hash alg="SHA-384">88217b7d3a2d9a0a3f005162b95d68ba2bd29629688b2c32e93e4587d89fe6bd468f5c62ef422ebf2b609d402e62ff56</hash>
        <hash alg="SHA3-384">c7ee64dd3e235d900d01d8629b82245303d34a006e1edcd2571ef736d9c6256dcb718be326ad4909cb6d2cea26118ea9</hash>
        <hash alg="SHA3-256">9adcacb036caf30d17a13fcd5952a35e011678b1dbfabafdff73dba065ace8a3</hash>
        <hash alg="SHA3-512">76bec6bb2cdbc8da043760a7aedd51203c8d70b740c9b8de0ba6b0cf9ad991a58059566e7f62dee30606f32d267b2596d5bd5e885c73e336ae7fff6cf7f970db</hash>
      </hashes>
      <licenses>
        <license>
          <id>Apache-2.0</id>
          <url>https://www.apache.org/licenses/LICENSE-2.0</url>
        </license>
      </licenses>
      <purl>pkg:maven/org.osgi/org.osgi.annotation.bundle@2.0.0?type=jar</purl>
      <externalReferences>
        <reference type="website">
          <url>https://docs.osgi.org/</url>
        </reference>
        <reference type="vcs">
          <url>https://github.com/osgi/osgi</url>
        </reference>
      </externalReferences>
    </component>
    <component type="library" bom-ref="pkg:maven/org.osgi/org.osgi.annotation.versioning@1.1.2?type=jar">
      <publisher>Eclipse Foundation</publisher>
      <group>org.osgi</group>
      <name>org.osgi.annotation.versioning</name>
      <version>1.1.2</version>
      <description>OSGi Companion Code for org.osgi.annotation.versioning Version 1.1.2</description>
      <scope>required</scope>
      <hashes>
        <hash alg="MD5">a61b3b8d09c85ad296c61e21bf77ec70</hash>
        <hash alg="SHA-1">dc3cd4ec96c0b3c5459fe00694bd73a816ecf93e</hash>
        <hash alg="SHA-256">f51f235e80df8ffbc30ef1b557b6ea38a696632d675404ec117e952978b8b863</hash>
        <hash alg="SHA-512">a4c612bec624a168f25f0923d51925bbc914686673eeebd5b2442998b876f05855e2b0a6e6e9aca4a6533ed3156b0d24f94c3e508ee9778e1b2e469be318afa3</hash>
        <hash alg="SHA-384">68a2046f083a2e77304622a56d07c0e73ba88534af4a87b5428cebf8b638c40ce21bbac089a8b5520ad488c946b633ea</hash>
        <hash alg="SHA3-384">930734f6979650191d51cd8bf1f9ab4548d307950735aa98e2dbda7aecc19b49d01a3b968824f6df2ffafce65e122c60</hash>
        <hash alg="SHA3-256">513392d0e8ddd873d04c5cf4f402a9cfe094413832bb859fe37b70fd0512dd12</hash>
        <hash alg="SHA3-512">3d2bd7d2eb784a9fab4b09c42adb0722363079235340f1915bb82a99f1c5e616ee8f3dc34d2c90b941d2651dcb4f393c7fea3e23b579456a696604148d10f22b</hash>
      </hashes>
      <licenses>
        <license>
          <id>Apache-2.0</id>
          <url>https://www.apache.org/licenses/LICENSE-2.0</url>
        </license>
      </licenses>
      <purl>pkg:maven/org.osgi/org.osgi.annotation.versioning@1.1.2?type=jar</purl>
      <externalReferences>
        <reference type="website">
          <url>https://docs.osgi.org/</url>
        </reference>
        <reference type="vcs">
          <url>https://github.com/osgi/osgi</url>
        </reference>
      </externalReferences>
    </component>
    <component type="library" bom-ref="pkg:maven/com.github.spotbugs/spotbugs-annotations@4.8.1?type=jar">
      <group>com.github.spotbugs</group>
      <name>spotbugs-annotations</name>
      <version>4.8.1</version>
      <description>Annotations the SpotBugs tool supports</description>
      <scope>required</scope>
      <hashes>
        <hash alg="MD5">47a418cf2356cc9626183b0d07438f5b</hash>
        <hash alg="SHA-1">8b7a91a79245f3de0d8c2f73c6f685562280d7bd</hash>
        <hash alg="SHA-256">06eba41a81aaccb011c3f75afa019e509cda7f1eb7a4e057bb860c60845f915e</hash>
        <hash alg="SHA-512">0b11fa4fb4fec1aa1c601b92a7525b6bf1cef0bea1f571a48f10accbeb6798435d191c5dd0e4b3e4d7f6ff1fd1cbd76b810446d2af54444f888e8f425803b233</hash>
        <hash alg="SHA-384">38c801a8385c3ab542106f61ae7c9d56688944c33f27e86c7aef724ee4928f6c8c26cc82b36b8b12d230dcb7168d6ca7</hash>
        <hash alg="SHA3-384">cfed520921562be2e988921f28807c426ae553d343d54b8de518e069863778afc0efcf7a92004bba4c10e4202f335925</hash>
        <hash alg="SHA3-256">2d4d5e9d2d1026f414733e3b7f385e461d2cc54eabd099609b976c9bdb9eeee7</hash>
        <hash alg="SHA3-512">04ced0e9a478bf49ddfc211b985499a31b672d1fda4deb934d83f93649b325a3c2cf7255459c88401c1c87b4ddbc38cbc253a608c4823bbfc618d807dc8b04f6</hash>
      </hashes>
      <licenses>
        <license>
          <id>LGPL-2.1-only</id>
        </license>
      </licenses>
      <purl>pkg:maven/com.github.spotbugs/spotbugs-annotations@4.8.1?type=jar</purl>
      <externalReferences>
        <reference type="website">
          <url>https://spotbugs.github.io/</url>
        </reference>
        <reference type="vcs">
          <url>https://github.com/spotbugs/spotbugs/</url>
        </reference>
      </externalReferences>
    </component>
    <component type="library" bom-ref="pkg:maven/com.google.code.findbugs/jsr305@3.0.2?type=jar">
      <group>com.google.code.findbugs</group>
      <name>jsr305</name>
      <version>3.0.2</version>
      <description>JSR305 Annotations for Findbugs</description>
      <scope>required</scope>
      <hashes>
        <hash alg="MD5">dd83accb899363c32b07d7a1b2e4ce40</hash>
        <hash alg="SHA-1">25ea2e8b0c338a877313bd4672d3fe056ea78f0d</hash>
        <hash alg="SHA-256">766ad2a0783f2687962c8ad74ceecc38a28b9f72a2d085ee438b7813e928d0c7</hash>
        <hash alg="SHA-512">bb09db62919a50fa5b55906013be6ca4fc7acb2e87455fac5eaf9ede2e41ce8bbafc0e5a385a561264ea4cd71bbbd3ef5a45e02d63277a201d06a0ae1636f804</hash>
        <hash alg="SHA-384">ca0b169d3eb2d0922dc031133a021f861a043bb3e405a88728215fd6ff00fa52fdc7347842dcc2031472e3726164bdc4</hash>
        <hash alg="SHA3-384">9903fd7505218999f8262efedb3d935d64bcef84aae781064ab5e1b24755466b269517cada562fa140cd1d417ede57a1</hash>
        <hash alg="SHA3-256">223fda9a89a461afaae73b177a2dc20ed4a90f2f8757f5c65f3241b0510f00ff</hash>
        <hash alg="SHA3-512">3996b5af57a5d5c6a0cd62b11773360fb051dd86a2ba968476806a2a5d32049b82d69a24a3c694e8fe4d735be6a28e41000cc500cc2a9fb577e058045855d2d6</hash>
      </hashes>
      <licenses>
        <license>
          <id>Apache-2.0</id>
        </license>
      </licenses>
      <purl>pkg:maven/com.google.code.findbugs/jsr305@3.0.2?type=jar</purl>
      <externalReferences>
        <reference type="website">
          <url>http://findbugs.sourceforge.net/</url>
        </reference>
        <reference type="distribution">
          <url>https://oss.sonatype.org/service/local/staging/deploy/maven2/</url>
        </reference>
        <reference type="vcs">
          <url>https://code.google.com/p/jsr-305/</url>
        </reference>
      </externalReferences>
    </component>
  </components>
  <dependencies>
    <dependency ref="pkg:maven/org.apache.logging.log4j/log4j-spring-boot@2.22.0?type=jar">
      <dependency ref="pkg:maven/org.apache.logging.log4j/log4j-api@2.22.0?type=jar"/>
      <dependency ref="pkg:maven/org.apache.logging.log4j/log4j-core@2.22.0?type=jar"/>
      <dependency ref="pkg:maven/org.springframework.boot/spring-boot@2.7.17?type=jar"/>
      <dependency ref="pkg:maven/org.springframework/spring-core@5.3.31?type=jar"/>
      <dependency ref="pkg:maven/org.springframework/spring-context@5.3.31?type=jar"/>
      <dependency ref="pkg:maven/biz.aQute.bnd/biz.aQute.bnd.annotation@6.4.1?type=jar"/>
      <dependency ref="pkg:maven/com.google.errorprone/error_prone_annotations@2.23.0?type=jar"/>
      <dependency ref="pkg:maven/org.osgi/osgi.annotation@8.1.0?type=jar"/>
      <dependency ref="pkg:maven/org.osgi/org.osgi.annotation.bundle@2.0.0?type=jar"/>
      <dependency ref="pkg:maven/com.github.spotbugs/spotbugs-annotations@4.8.1?type=jar"/>
    </dependency>
    <dependency ref="pkg:maven/org.apache.logging.log4j/log4j-api@2.22.0?type=jar"/>
    <dependency ref="pkg:maven/org.apache.logging.log4j/log4j-core@2.22.0?type=jar">
      <dependency ref="pkg:maven/org.apache.logging.log4j/log4j-api@2.22.0?type=jar"/>
    </dependency>
    <dependency ref="pkg:maven/org.springframework.boot/spring-boot@2.7.17?type=jar">
      <dependency ref="pkg:maven/org.springframework/spring-core@5.3.31?type=jar"/>
      <dependency ref="pkg:maven/org.springframework/spring-context@5.3.31?type=jar"/>
    </dependency>
    <dependency ref="pkg:maven/org.springframework/spring-core@5.3.31?type=jar"/>
    <dependency ref="pkg:maven/org.springframework/spring-context@5.3.31?type=jar">
      <dependency ref="pkg:maven/org.springframework/spring-aop@5.3.31?type=jar"/>
      <dependency ref="pkg:maven/org.springframework/spring-beans@5.3.31?type=jar"/>
      <dependency ref="pkg:maven/org.springframework/spring-core@5.3.31?type=jar"/>
      <dependency ref="pkg:maven/org.springframework/spring-expression@5.3.31?type=jar"/>
    </dependency>
    <dependency ref="pkg:maven/org.springframework/spring-aop@5.3.31?type=jar">
      <dependency ref="pkg:maven/org.springframework/spring-beans@5.3.31?type=jar"/>
      <dependency ref="pkg:maven/org.springframework/spring-core@5.3.31?type=jar"/>
    </dependency>
    <dependency ref="pkg:maven/org.springframework/spring-beans@5.3.31?type=jar">
      <dependency ref="pkg:maven/org.springframework/spring-core@5.3.31?type=jar"/>
    </dependency>
    <dependency ref="pkg:maven/org.springframework/spring-expression@5.3.31?type=jar">
      <dependency ref="pkg:maven/org.springframework/spring-core@5.3.31?type=jar"/>
    </dependency>
    <dependency ref="pkg:maven/biz.aQute.bnd/biz.aQute.bnd.annotation@6.4.1?type=jar">
      <dependency ref="pkg:maven/org.osgi/org.osgi.resource@1.0.0?type=jar"/>
      <dependency ref="pkg:maven/org.osgi/org.osgi.service.serviceloader@1.0.0?type=jar"/>
    </dependency>
    <dependency ref="pkg:maven/org.osgi/org.osgi.resource@1.0.0?type=jar"/>
    <dependency ref="pkg:maven/org.osgi/org.osgi.service.serviceloader@1.0.0?type=jar"/>
    <dependency ref="pkg:maven/com.google.errorprone/error_prone_annotations@2.23.0?type=jar"/>
    <dependency ref="pkg:maven/org.osgi/osgi.annotation@8.1.0?type=jar"/>
    <dependency ref="pkg:maven/org.osgi/org.osgi.annotation.bundle@2.0.0?type=jar">
      <dependency ref="pkg:maven/org.osgi/org.osgi.annotation.versioning@1.1.2?type=jar"/>
    </dependency>
    <dependency ref="pkg:maven/org.osgi/org.osgi.annotation.versioning@1.1.2?type=jar"/>
    <dependency ref="pkg:maven/com.github.spotbugs/spotbugs-annotations@4.8.1?type=jar">
      <dependency ref="pkg:maven/com.google.code.findbugs/jsr305@3.0.2?type=jar"/>
    </dependency>
    <dependency ref="pkg:maven/com.google.code.findbugs/jsr305@3.0.2?type=jar"/>
  </dependencies>
</bom>
